,subj_id,session,route,intersection_no,idx_bot_spawn,idx_response,idx_min_distance,min_distance,RT,tta_condition,d_condition,v_condition,is_turn_decision,decision
0,129,1,1,5,114.0,161.0,471.0,3.226015606235861,0.4837000000000007,4.0,90.0,22.5,False,Wait
1,129,1,1,6,41.0,56.0,389.0,16.099579900535044,0.15559999999999974,5.0,90.0,18.0,True,Turn
2,129,1,1,8,45.0,87.0,506.0,3.2340105011533624,0.4338999999999995,5.0,90.0,18.0,False,Wait
3,129,1,1,10,77.0,124.0,430.0,8.046337334618453,0.4833999999999996,4.0,150.0,37.5,True,Turn
4,129,1,1,11,84.0,92.0,380.0,48.91592712750888,0.08279999999999887,6.0,120.0,20.0,True,Turn
5,129,1,1,13,49.0,111.0,414.0,33.9309888631961,0.6382000000000012,6.0,120.0,20.0,True,Turn
6,129,1,1,14,0.0,68.0,393.0,3.625539558013724,0.7579000000000011,4.0,150.0,37.5,False,Wait
7,129,1,1,15,57.0,102.0,403.0,7.893319155948241,0.46279999999999966,4.0,120.0,30.0,True,Turn
8,129,1,1,19,59.0,125.0,459.0,12.732930713329024,0.6791999999999998,5.0,120.0,24.0,True,Turn
9,129,1,1,20,43.0,174.0,523.0,3.3805522424880428,1.3978999999999981,5.0,90.0,18.0,False,Wait
10,129,1,1,21,58.0,109.0,417.0,48.56266051334773,0.5264000000000006,6.0,150.0,25.0,True,Turn
11,129,1,1,22,55.0,122.0,527.0,3.200380161969386,0.6906999999999996,5.0,120.0,24.0,False,Wait
12,129,1,1,24,64.0,105.0,441.0,42.3766858805952,0.4220999999999986,6.0,150.0,25.0,True,Turn
13,129,1,2,2,70.0,137.0,465.0,3.191600102334357,0.7435000000000009,4.0,150.0,37.5,False,Wait
14,129,1,2,3,39.0,120.0,533.0,3.5544950012081027,0.8848000000000003,5.0,150.0,30.0,False,Wait
15,129,1,2,5,105.0,173.0,504.0,28.678187156033445,0.6989000000000001,6.0,120.0,20.0,True,Turn
16,129,1,2,6,70.0,126.0,468.0,37.511752976699775,0.5763999999999996,6.0,150.0,25.0,True,Turn
17,129,1,2,7,67.0,426.0,77.0,3.7408540696875923,3.740499999999999,5.0,120.0,24.0,False,Wait
18,129,1,2,9,61.0,250.0,546.0,19.62938012781854,1.9992,6.0,150.0,25.0,True,Turn
19,129,1,2,10,89.0,430.0,470.0,3.4725736437608914,3.508099999999999,4.0,90.0,22.5,False,Wait
20,129,1,2,12,58.0,136.0,504.0,23.193259778462366,0.8605,6.0,120.0,20.0,True,Turn
21,129,1,2,13,40.0,123.0,629.0,3.389791580609812,0.9063999999999997,6.0,120.0,20.0,False,Wait
22,129,1,2,14,17.0,98.0,411.0,3.6224241686494754,0.8791999999999991,4.0,150.0,37.5,False,Wait
23,129,1,2,16,52.0,137.0,454.0,15.859884211697617,0.924199999999999,5.0,120.0,24.0,True,Turn
24,129,1,2,17,55.0,303.0,432.0,3.4311170051552833,2.5488,4.0,90.0,22.5,False,Wait
25,129,1,2,19,44.0,309.0,503.0,3.5525457951090478,2.724599999999999,5.0,90.0,18.0,False,Wait
26,129,1,2,21,21.0,132.0,434.0,16.206406710790713,1.1997000000000009,5.0,150.0,30.0,True,Turn
27,129,1,2,25,76.0,148.0,452.0,3.247387627813367,0.740499999999999,4.0,120.0,30.0,False,Wait
28,129,1,3,1,59.0,133.0,438.0,31.426670999905703,0.761400000000009,6.0,120.0,20.0,True,Turn
29,129,1,3,4,109.0,173.0,464.0,6.7152403095467195,0.6593999999999998,4.0,150.0,37.5,True,Turn
30,129,1,3,6,53.0,135.0,436.0,30.688891758376798,0.8424000000000014,6.0,120.0,20.0,True,Turn
31,129,1,3,7,96.0,405.0,478.0,3.366718763322822,3.1758000000000006,4.0,120.0,30.0,False,Wait
32,129,1,3,8,89.0,206.0,661.0,3.453748838318299,1.2035,6.0,120.0,20.0,False,Wait
33,129,1,3,9,55.0,119.0,460.0,40.13678313408481,0.7119,6.0,150.0,25.0,True,Turn
34,129,1,3,10,68.0,149.0,440.0,18.83458351767799,0.8347000000000016,5.0,120.0,24.0,True,Turn
35,129,1,3,11,73.0,133.0,422.0,32.14120915276164,0.6184999999999992,5.0,150.0,30.0,True,Turn
36,129,1,3,17,75.0,213.0,548.0,3.0417678845599068,1.4201000000000015,5.0,90.0,18.0,False,Wait
37,129,1,3,18,86.0,201.0,496.0,14.680535954436591,1.2457999999999991,5.0,120.0,24.0,True,Turn
38,129,1,3,19,61.0,369.0,454.0,3.489005771776193,3.228300000000001,4.0,90.0,22.5,False,Wait
39,129,1,3,20,50.0,342.0,444.0,3.572165235946636,3.0513999999999992,4.0,90.0,22.5,False,Wait
40,129,1,3,23,84.0,505.0,563.0,3.344064128862477,4.327,5.0,120.0,24.0,False,Wait
41,129,1,3,24,74.0,379.0,455.0,3.3791687316119297,3.1339000000000006,4.0,120.0,30.0,False,Wait
42,129,1,3,25,69.0,171.0,467.0,27.96904561380246,1.048,6.0,120.0,20.0,True,Turn
43,129,1,4,1,81.0,183.0,439.0,3.8973964925811275,1.0495000000000019,4.0,150.0,37.5,False,Wait
44,129,1,4,4,49.0,203.0,629.0,3.3879472891044475,1.6231999999999989,6.0,90.0,15.0,False,Wait
45,129,1,4,10,73.0,304.0,544.0,3.414178471344954,2.374600000000001,5.0,90.0,18.0,False,Wait
46,129,1,4,12,36.0,390.0,529.0,3.49566402794633,3.681099999999999,5.0,90.0,18.0,False,Wait
47,129,1,4,13,37.0,107.0,409.0,43.96602829469912,0.7198999999999991,6.0,150.0,25.0,True,Turn
48,129,1,4,14,80.0,150.0,442.0,37.03235595400347,0.7197999999999993,6.0,120.0,20.0,True,Turn
49,129,1,4,15,56.0,357.0,437.0,3.615317421194083,3.0962999999999994,4.0,120.0,30.0,False,Wait
50,129,1,4,17,59.0,148.0,441.0,31.3949381981335,0.9152999999999984,6.0,120.0,20.0,True,Turn
51,129,1,4,18,80.0,159.0,454.0,25.22710952024378,0.8128000000000011,5.0,150.0,30.0,True,Turn
52,129,1,4,19,58.0,502.0,626.0,3.685605313117128,4.5641,6.0,90.0,15.0,False,Wait
53,129,1,4,20,70.0,140.0,449.0,3.735734233879615,0.7215999999999987,4.0,150.0,37.5,False,Wait
54,129,1,4,22,87.0,545.0,584.0,3.4957722234471795,4.7567,5.0,90.0,18.0,False,Wait
55,129,1,4,23,77.0,422.0,553.0,3.519494015464808,3.5465,5.0,120.0,24.0,False,Wait
56,129,1,4,24,70.0,368.0,448.0,3.43272415722135,3.0614999999999988,4.0,90.0,22.5,False,Wait
57,129,2,5,2,68.0,123.0,420.0,6.081230656432836,0.5658999999999992,4.0,150.0,37.5,True,Turn
58,129,2,5,3,55.0,160.0,625.0,3.6579607692190224,1.0812999999999988,6.0,120.0,20.0,False,Wait
59,129,2,5,4,58.0,232.0,552.0,3.6325118903788125,1.8444000000000003,5.0,150.0,30.0,False,Wait
60,129,2,5,5,49.0,132.0,427.0,25.027369217337466,0.9075000000000006,6.0,90.0,15.0,True,Turn
61,129,2,5,8,70.0,389.0,451.0,3.4596507312103384,3.2768000000000015,4.0,90.0,22.5,False,Wait
62,129,2,5,9,64.0,147.0,456.0,28.98842477148399,0.8533000000000008,6.0,120.0,20.0,True,Turn
63,129,2,5,13,72.0,366.0,450.0,3.5549074377938457,3.0219999999999985,4.0,90.0,22.5,False,Wait
64,129,2,5,14,60.0,460.0,554.0,3.6782886659738967,4.163,5.0,90.0,18.0,False,Wait
65,129,2,5,15,64.0,129.0,450.0,22.165134089375503,0.6697000000000006,5.0,150.0,30.0,True,Turn
66,129,2,5,16,63.0,349.0,442.0,3.532100622163634,2.9410000000000007,4.0,90.0,22.5,False,Wait
67,129,2,5,18,59.0,142.0,73.0,60.79100624252071,0.8993000000000002,4.0,90.0,22.5,True,Turn
68,129,2,5,19,67.0,153.0,80.0,80.47079401156064,0.9382999999999999,6.0,150.0,25.0,True,Turn
69,129,2,5,20,59.0,252.0,5692.0,102.90961732342997,2.030899999999999,6.0,120.0,20.0,True,Turn
70,129,2,6,1,88.0,426.0,485.0,3.563115494590017,3.531600000000001,4.0,150.0,37.5,False,Wait
71,129,2,6,3,30.0,126.0,420.0,3.574999560057858,1.0450999999999997,4.0,120.0,30.0,False,Wait
72,129,2,6,6,75.0,153.0,444.0,24.617825037262154,0.8031000000000006,6.0,90.0,15.0,True,Turn
73,129,2,6,7,77.0,443.0,553.0,3.4370965276370464,3.7598000000000003,5.0,150.0,30.0,False,Wait
74,129,2,6,8,33.0,444.0,526.0,3.6181570867005135,4.2757000000000005,5.0,120.0,24.0,False,Wait
75,129,2,6,13,63.0,143.0,474.0,7.72358083806804,0.8231000000000002,5.0,90.0,18.0,True,Turn
76,129,2,6,14,58.0,175.0,465.0,18.98187942296899,1.2028999999999996,6.0,90.0,15.0,True,Turn
77,129,2,6,15,43.0,343.0,630.0,3.512473196293358,3.1439000000000004,6.0,120.0,20.0,False,Wait
78,129,2,6,16,77.0,412.0,460.0,3.42440502881078,3.4426000000000005,4.0,120.0,30.0,False,Wait
79,129,2,6,18,63.0,121.0,420.0,25.414484760038135,0.5982000000000003,6.0,90.0,15.0,True,Turn
80,129,2,6,19,30.0,106.0,414.0,43.2614901735974,0.8346,6.0,150.0,25.0,True,Turn
81,129,2,6,21,57.0,144.0,551.0,3.252761174625578,0.9492999999999991,5.0,120.0,24.0,False,Wait
82,129,2,6,22,97.0,564.0,575.0,3.6787182524176267,4.7994,5.0,90.0,18.0,False,Wait
83,129,2,6,23,82.0,396.0,92.0,3.687021711506259,3.2880000000000003,4.0,120.0,30.0,False,Wait
84,129,2,6,25,34.0,369.0,434.0,3.4915746981988054,3.4932999999999996,4.0,120.0,30.0,False,Wait
85,129,2,7,1,68.0,396.0,452.0,3.1792419125956255,3.370199999999997,4.0,120.0,30.0,False,Wait
86,129,2,7,3,30.0,134.0,444.0,35.593882392457814,1.124600000000001,6.0,150.0,25.0,True,Turn
87,129,2,7,4,42.0,490.0,522.0,3.460160479241429,4.602500000000001,5.0,120.0,24.0,False,Wait
88,129,2,7,5,14.0,114.0,416.0,18.606375419066836,1.0833000000000013,5.0,150.0,30.0,True,Turn
89,129,2,7,6,70.0,428.0,468.0,3.6270492029923043,3.741200000000001,4.0,90.0,22.5,False,Wait
90,129,2,7,10,57.0,114.0,415.0,35.45563740374116,0.5869999999999997,6.0,120.0,20.0,True,Turn
91,129,2,7,12,48.0,130.0,431.0,33.97656447384234,0.9056000000000015,6.0,120.0,20.0,True,Turn
92,129,2,7,13,41.0,170.0,54.0,23.893004285220588,1.378400000000001,6.0,120.0,20.0,True,Turn
93,129,2,7,15,68.0,129.0,430.0,27.3152051412556,0.6290000000000013,5.0,150.0,30.0,True,Turn
94,129,2,7,16,55.0,133.0,550.0,3.675920295324032,0.8597999999999999,5.0,150.0,30.0,False,Wait
95,129,2,7,17,70.0,385.0,455.0,3.5964248119206603,3.2371,4.0,120.0,30.0,False,Wait
96,129,2,7,18,58.0,369.0,441.0,3.3535785815916572,3.1950000000000003,4.0,120.0,30.0,False,Wait
97,129,2,7,19,66.0,121.0,414.0,8.703188450533146,0.5656999999999996,4.0,150.0,37.5,True,Turn
98,129,2,7,20,56.0,137.0,436.0,27.141175672989803,0.8978000000000002,5.0,150.0,30.0,True,Turn
99,129,2,7,25,71.0,135.0,83.0,7.953160636780137,0.7169000000000008,6.0,150.0,25.0,True,Turn
100,129,2,8,2,40.0,114.0,51.0,20.578465432300806,0.815900000000001,6.0,120.0,20.0,True,Turn
101,129,2,8,3,50.0,385.0,521.0,3.545825629890108,3.4423000000000012,5.0,120.0,24.0,False,Wait
102,129,2,8,7,77.0,155.0,458.0,3.365211303954316,0.8021999999999991,4.0,120.0,30.0,False,Wait
103,129,2,8,9,59.0,135.0,432.0,30.181491555057047,0.8376000000000001,5.0,150.0,30.0,True,Turn
104,129,2,8,10,58.0,134.0,434.0,28.15826245787392,0.8331999999999997,5.0,150.0,30.0,True,Turn
105,129,2,8,11,57.0,473.0,623.0,3.488603019822614,4.274199999999999,6.0,90.0,15.0,False,Wait
106,129,2,8,15,55.0,116.0,425.0,24.90559567868153,0.6275999999999993,5.0,150.0,30.0,True,Turn
107,129,2,8,17,66.0,130.0,429.0,35.494141470094746,0.6586999999999996,6.0,120.0,20.0,True,Turn
108,129,2,8,18,48.0,356.0,430.0,3.633920266328112,3.1637000000000004,4.0,120.0,30.0,False,Wait
109,129,2,8,19,47.0,117.0,405.0,8.21746007501512,0.7740999999999989,4.0,120.0,30.0,True,Turn
110,129,2,8,20,98.0,622.0,687.0,3.858697912761964,5.434399999999998,6.0,120.0,20.0,False,Wait
111,129,2,8,21,53.0,210.0,499.0,15.146392656111145,1.6631999999999998,6.0,90.0,15.0,True,Turn
112,129,2,8,22,62.0,137.0,73.0,3.3393064443760787,0.8309999999999995,4.0,150.0,37.5,False,Wait
113,129,2,8,24,66.0,159.0,439.0,6.416123898184322,1.0165000000000006,4.0,150.0,37.5,True,Turn
114,129,2,8,25,60.0,528.0,554.0,3.5872912502250864,4.864799999999999,5.0,90.0,18.0,False,Wait
115,389,1,1,1,71.0,357.0,651.0,3.5574260354668588,2.998199999999997,6.0,90.0,15.0,False,Wait
116,389,1,1,5,45.0,315.0,531.0,4.074555312828491,2.8133,5.0,120.0,24.0,False,Wait
117,389,1,1,6,35.0,261.0,430.0,3.933776456830225,2.3710000000000004,4.0,150.0,37.5,False,Wait
118,389,1,1,8,57.0,419.0,552.0,4.094119616534666,3.776200000000001,5.0,150.0,30.0,False,Wait
119,389,1,1,10,40.0,257.0,436.0,4.038405986969925,2.2835,4.0,150.0,37.5,False,Wait
120,389,1,1,11,118.0,283.0,491.0,4.038199354063777,1.6965000000000003,4.0,90.0,22.5,False,Wait
121,389,1,1,12,53.0,286.0,433.0,3.8781162459189433,2.3945999999999987,4.0,90.0,22.5,False,Wait
122,389,1,1,13,76.0,340.0,556.0,4.023180423741529,2.7120999999999995,5.0,150.0,30.0,False,Wait
123,389,1,1,14,68.0,228.0,541.0,4.1399704622269535,1.6438000000000006,5.0,90.0,18.0,False,Wait
124,389,1,1,15,77.0,145.0,474.0,37.84346621596558,0.6997999999999998,6.0,150.0,25.0,True,Turn
125,389,1,1,19,76.0,148.0,509.0,30.762491838871263,0.7418999999999993,6.0,150.0,25.0,True,Turn
126,389,1,1,20,123.0,379.0,504.0,3.893665570293241,2.6310000000000002,4.0,90.0,22.5,False,Wait
127,389,1,1,21,100.0,273.0,577.0,4.144929859857541,1.7779000000000007,5.0,150.0,30.0,False,Wait
128,389,1,1,22,94.0,154.0,488.0,38.92102506637659,0.6184999999999992,6.0,150.0,25.0,True,Turn
129,389,1,2,2,95.0,277.0,669.0,3.647121662499794,1.872300000000001,6.0,150.0,25.0,False,Wait
130,389,1,2,3,78.0,436.0,473.0,4.245255889198131,3.7349999999999994,4.0,120.0,30.0,False,Wait
131,389,1,2,5,102.0,155.0,508.0,39.18069083889698,0.545399999999999,6.0,150.0,25.0,True,Turn
132,389,1,2,6,25.0,97.0,25.0,2.3516614142896555,0.7983999999999991,4.0,150.0,37.5,False,Wait
133,389,1,2,7,114.0,153.0,485.0,22.038731137102104,0.40249999999999986,5.0,120.0,24.0,True,Turn
134,389,1,2,9,46.0,202.0,621.0,4.148723204388005,1.6719000000000008,6.0,120.0,20.0,False,Wait
135,389,1,2,10,89.0,281.0,576.0,4.050065329988696,2.0215999999999994,5.0,90.0,18.0,False,Wait
136,389,1,2,12,57.0,153.0,638.0,3.8836300356304734,1.0379000000000005,6.0,90.0,15.0,False,Wait
137,389,1,2,13,50.0,150.0,515.0,4.149148416487409,1.0279000000000007,5.0,90.0,18.0,False,Wait
138,389,1,2,14,84.0,418.0,467.0,4.139375385259251,3.434199999999999,4.0,120.0,30.0,False,Wait
139,389,1,2,16,63.0,95.0,547.0,3.9587136487487613,0.3861000000000008,5.0,120.0,24.0,False,Wait
140,389,1,2,17,142.0,211.0,512.0,3.15810842978187,0.7697000000000003,4.0,150.0,37.5,False,Wait
141,389,1,2,21,108.0,173.0,459.0,6.697762597884364,0.6679999999999993,4.0,150.0,37.5,True,Turn
142,389,1,2,25,104.0,169.0,473.0,35.19405418771273,0.6689000000000007,6.0,120.0,20.0,True,Turn
143,389,1,3,1,102.0,245.0,485.0,3.7036765838062955,1.470499999999987,4.0,120.0,30.0,False,Wait
144,389,1,3,4,83.0,176.0,552.0,3.7442088024068365,0.9566999999999997,5.0,120.0,24.0,False,Wait
145,389,1,3,6,27.0,116.0,591.0,3.8301921620682546,0.9634999999999998,6.0,90.0,15.0,False,Wait
146,389,1,3,7,45.0,115.0,407.0,27.48316829175741,0.7736000000000001,6.0,90.0,15.0,True,Turn
147,389,1,3,8,120.0,192.0,486.0,27.229287201010933,0.7409999999999997,5.0,150.0,30.0,True,Turn
148,389,1,3,9,104.0,193.0,484.0,26.237173556972174,0.9662000000000006,6.0,90.0,15.0,True,Turn
149,389,1,3,10,74.0,177.0,475.0,35.99520337714433,1.0591000000000008,6.0,150.0,25.0,True,Turn
150,389,1,3,11,65.0,122.0,421.0,22.539888381140013,0.588099999999999,5.0,120.0,24.0,True,Turn
151,389,1,3,17,62.0,104.0,429.0,34.82586451390114,0.4324999999999992,6.0,120.0,20.0,True,Turn
152,389,1,3,18,59.0,108.0,405.0,37.896028945174784,0.5523999999999987,5.0,150.0,30.0,True,Turn
153,389,1,3,19,62.0,142.0,455.0,4.098835973426212,0.8704999999999998,4.0,90.0,22.5,False,Wait
154,389,1,3,20,63.0,200.0,443.0,3.9053657275096723,1.4094000000000015,4.0,90.0,22.5,False,Wait
155,389,1,3,23,43.0,232.0,420.0,3.883351504817666,1.9423999999999992,4.0,120.0,30.0,False,Wait
156,389,1,3,24,86.0,123.0,428.0,35.0816414737219,0.38179999999999836,5.0,150.0,30.0,True,Turn
157,389,1,4,1,54.0,115.0,541.0,3.454037569064481,0.6816999999999922,5.0,120.0,24.0,False,Wait
158,389,1,4,4,47.0,98.0,449.0,20.698482659040845,0.5869,5.0,150.0,30.0,True,Turn
159,389,1,4,10,60.0,123.0,445.0,3.231983574873291,0.6900999999999993,4.0,150.0,37.5,False,Wait
160,389,1,4,12,62.0,105.0,546.0,4.238922607226343,0.4991000000000003,5.0,90.0,18.0,False,Wait
161,389,1,4,13,73.0,122.0,454.0,4.1385468915468815,0.5042000000000009,4.0,120.0,30.0,False,Wait
162,389,1,4,14,100.0,371.0,684.0,4.283796097169054,2.8339999999999996,6.0,120.0,20.0,False,Wait
163,389,1,4,15,146.0,202.0,500.0,50.32728750464452,0.5762,6.0,150.0,25.0,True,Turn
164,389,1,4,17,78.0,140.0,456.0,4.050562730480426,0.6379000000000001,4.0,120.0,30.0,False,Wait
165,389,1,4,18,76.0,241.0,657.0,4.0140551129413025,1.7544000000000004,6.0,90.0,15.0,False,Wait
166,389,1,4,19,120.0,172.0,474.0,48.87724632285889,0.5345999999999993,6.0,150.0,25.0,True,Turn
167,389,1,4,20,85.0,328.0,464.0,3.6166772686725044,2.496500000000001,4.0,90.0,22.5,False,Wait
168,389,1,4,22,105.0,251.0,486.0,4.283065641059996,1.5013000000000005,4.0,90.0,22.5,False,Wait
169,389,1,4,23,105.0,253.0,669.0,3.9297714349458124,1.5213999999999999,6.0,90.0,15.0,False,Wait
170,389,1,4,24,95.0,240.0,568.0,4.009342392933985,1.4905000000000008,5.0,90.0,18.0,False,Wait
171,389,1,4,25,26.0,108.0,37.0,54.55374201916899,0.8943999999999992,5.0,150.0,30.0,True,Turn
172,389,2,5,1,76.0,143.0,436.0,7.510111347008625,0.6900999999999975,4.0,150.0,37.5,True,Turn
173,389,2,5,4,77.0,140.0,436.0,22.654522197101205,0.6495999999999995,5.0,120.0,24.0,True,Turn
174,389,2,5,5,100.0,151.0,445.0,9.184495651392497,0.5251999999999999,4.0,150.0,37.5,True,Turn
175,389,2,5,6,33.0,94.0,397.0,45.04504613694886,0.6281999999999996,6.0,150.0,25.0,True,Turn
176,389,2,5,7,88.0,145.0,437.0,37.04386676094862,0.6305999999999994,5.0,150.0,30.0,True,Turn
177,389,2,5,9,109.0,372.0,583.0,3.966189369581587,2.708999999999998,5.0,90.0,18.0,False,Wait
178,389,2,5,10,83.0,133.0,453.0,4.01181733409273,0.5152000000000001,4.0,150.0,37.5,False,Wait
179,389,2,5,11,154.0,481.0,536.0,4.313412006034978,3.3649000000000004,4.0,90.0,22.5,False,Wait
180,389,2,5,13,63.0,488.0,636.0,4.2942230909010455,4.377599999999999,6.0,120.0,20.0,False,Wait
181,389,2,5,14,127.0,401.0,506.0,4.250909646905203,2.818999999999999,4.0,90.0,22.5,False,Wait
182,389,2,5,15,88.0,130.0,425.0,40.49917375752122,0.43329999999999913,6.0,120.0,20.0,True,Turn
183,389,2,5,16,89.0,150.0,450.0,33.375407366352185,0.6837,5.0,150.0,30.0,True,Turn
184,389,2,5,17,77.0,476.0,651.0,4.1257582926266,4.103399999999999,6.0,90.0,15.0,False,Wait
185,389,2,5,18,71.0,142.0,442.0,36.80673386966329,0.7874999999999996,6.0,120.0,20.0,True,Turn
186,389,2,5,25,87.0,141.0,559.0,3.829172161829207,0.5569000000000006,5.0,120.0,24.0,False,Wait
187,389,2,6,1,118.0,363.0,604.0,4.084503535998482,2.572500000000005,5.0,90.0,18.0,False,Wait
188,389,2,6,3,84.0,396.0,468.0,4.014654357570413,3.2127999999999997,4.0,90.0,22.5,False,Wait
189,389,2,6,6,106.0,233.0,680.0,4.462821904430689,1.3068000000000008,6.0,120.0,20.0,False,Wait
190,389,2,6,7,95.0,395.0,679.0,4.049319077760038,3.1351999999999993,6.0,90.0,15.0,False,Wait
191,389,2,6,8,86.0,154.0,450.0,35.39817782070581,0.700899999999999,6.0,120.0,20.0,True,Turn
192,389,2,6,13,98.0,154.0,448.0,9.762749953544095,0.5763000000000016,4.0,150.0,37.5,True,Turn
193,389,2,6,14,91.0,354.0,578.0,4.055057606879343,2.7482000000000006,5.0,90.0,18.0,False,Wait
194,389,2,6,15,84.0,134.0,437.0,38.127423932621205,0.5151000000000003,6.0,120.0,20.0,True,Turn
195,389,2,6,16,125.0,240.0,591.0,4.22738388756006,1.1850999999999985,5.0,90.0,18.0,False,Wait
196,389,2,6,18,67.0,120.0,439.0,29.323065044386667,0.5954999999999995,5.0,150.0,30.0,True,Turn
197,389,2,6,19,87.0,134.0,430.0,9.655709358291807,0.4842000000000013,4.0,150.0,37.5,True,Turn
198,389,2,6,21,122.0,164.0,454.0,11.660179506425191,0.4336000000000002,4.0,150.0,37.5,True,Turn
199,389,2,6,22,94.0,139.0,425.0,43.07000352019862,0.4642999999999997,6.0,120.0,20.0,True,Turn
200,389,2,6,23,68.0,404.0,462.0,3.8860765155616694,3.5076,4.0,90.0,22.5,False,Wait
201,389,2,6,25,89.0,325.0,560.0,4.3460418932838,2.4308999999999994,5.0,90.0,18.0,False,Wait
202,389,2,7,1,91.0,461.0,472.0,3.949619150874857,3.8121999999999616,4.0,90.0,22.5,False,Wait
203,389,2,7,3,45.0,323.0,442.0,4.008745036867041,2.9185,4.0,90.0,22.5,False,Wait
204,389,2,7,4,100.0,162.0,453.0,27.80261258954222,0.6913,5.0,120.0,24.0,True,Turn
205,389,2,7,5,69.0,226.0,464.0,4.388386128861403,1.664299999999999,4.0,120.0,30.0,False,Wait
206,389,2,7,6,81.0,293.0,569.0,4.294864825918123,2.2333,5.0,120.0,24.0,False,Wait
207,389,2,7,10,71.0,219.0,463.0,4.240117713804051,1.5763999999999996,4.0,120.0,30.0,False,Wait
208,389,2,7,12,76.0,140.0,428.0,50.0099960237696,0.6585000000000001,6.0,150.0,25.0,True,Turn
209,389,2,7,13,43.0,108.0,405.0,32.801805571081374,0.7271999999999998,5.0,150.0,30.0,True,Turn
210,389,2,7,15,103.0,430.0,483.0,4.188197020906158,3.364699999999999,4.0,90.0,22.5,False,Wait
211,389,2,7,16,82.0,369.0,556.0,3.9268259000695016,2.9527,5.0,90.0,18.0,False,Wait
212,389,2,7,17,85.0,126.0,420.0,36.731421048171434,0.42190000000000083,5.0,150.0,30.0,True,Turn
213,389,2,7,18,91.0,133.0,427.0,54.06041368144031,0.43319999999999936,6.0,150.0,25.0,True,Turn
214,389,2,7,19,81.0,278.0,665.0,3.636823020401917,2.077399999999999,6.0,120.0,20.0,False,Wait
215,389,2,7,25,92.0,144.0,434.0,52.3727937121839,0.5352999999999994,6.0,150.0,25.0,True,Turn
216,389,2,8,1,98.0,186.0,107.0,13.145103842034635,0.949799999999982,6.0,150.0,25.0,True,Turn
217,389,2,8,2,75.0,82.0,541.0,4.262740007170223,0.07199999999999918,5.0,90.0,18.0,False,Wait
218,389,2,8,6,77.0,386.0,555.0,3.7975477768745804,3.1783,5.0,90.0,18.0,False,Wait
219,389,2,8,8,89.0,329.0,468.0,4.112031353586276,2.469100000000001,4.0,90.0,22.5,False,Wait
220,389,2,8,10,109.0,207.0,493.0,41.88003276078731,1.0097999999999985,6.0,150.0,25.0,True,Turn
221,389,2,8,11,77.0,152.0,449.0,44.071516801703446,0.7731999999999992,6.0,150.0,25.0,True,Turn
222,389,2,8,12,90.0,154.0,671.0,3.8457228437536153,0.7134999999999998,6.0,120.0,20.0,False,Wait
223,389,2,8,14,90.0,149.0,563.0,3.940585528040895,0.6616,5.0,120.0,24.0,False,Wait
224,389,2,8,15,69.0,249.0,452.0,4.107080744201323,1.8513000000000002,4.0,120.0,30.0,False,Wait
225,389,2,8,16,76.0,136.0,454.0,28.506318672315246,0.6754999999999995,5.0,150.0,30.0,True,Turn
226,389,2,8,18,100.0,148.0,441.0,53.179416573234924,0.49409999999999954,6.0,150.0,25.0,True,Turn
227,389,2,8,19,89.0,275.0,471.0,4.0653804263205116,1.9146,4.0,120.0,30.0,False,Wait
228,389,2,8,20,95.0,134.0,428.0,39.19086729435091,0.4023000000000003,5.0,150.0,30.0,True,Turn
229,389,2,8,21,67.0,448.0,464.0,4.357946267820122,3.9799000000000007,4.0,150.0,37.5,False,Wait
230,389,2,8,25,104.0,166.0,484.0,4.004862750133014,0.6402000000000001,4.0,120.0,30.0,False,Wait
231,525,1,1,1,48.0,87.0,621.0,3.4068907613115567,0.4018999999999977,6.0,150.0,25.0,False,Wait
232,525,1,1,6,44.0,90.0,415.0,3.2733720161827757,0.4742999999999995,4.0,150.0,37.5,False,Wait
233,525,1,1,8,49.0,88.0,434.0,3.6027548228264394,0.45500000000000007,4.0,90.0,22.5,False,Wait
234,525,1,1,10,66.0,199.0,532.0,3.5088027876058034,1.3704,5.0,90.0,18.0,False,Wait
235,525,1,1,12,118.0,196.0,518.0,23.754502151279596,0.8603000000000005,6.0,90.0,15.0,True,Turn
236,525,1,1,13,63.0,128.0,437.0,3.2983816447406786,0.6699999999999999,4.0,90.0,22.5,False,Wait
237,525,1,1,14,95.0,121.0,421.0,29.86436369334533,0.26839999999999975,5.0,120.0,24.0,True,Turn
238,525,1,1,15,52.0,82.0,435.0,21.218340878386282,0.3088999999999995,6.0,90.0,15.0,True,Turn
239,525,1,1,19,76.0,106.0,541.0,3.3779520289706864,0.3100000000000005,5.0,90.0,18.0,False,Wait
240,525,1,1,20,75.0,112.0,87.0,33.75664954199789,0.44039999999999857,6.0,150.0,25.0,True,Turn
241,525,1,1,21,65.0,93.0,541.0,3.4336633493372775,0.2883999999999993,5.0,150.0,30.0,False,Wait
242,525,1,1,22,62.0,75.0,370.0,61.22689214017813,0.13430000000000142,6.0,150.0,25.0,True,Turn
243,525,1,1,24,88.0,417.0,467.0,3.597431517879632,3.3834,4.0,120.0,30.0,False,Wait
244,525,1,2,2,129.0,606.0,509.0,3.5462081222013278,4.913,4.0,120.0,30.0,False,Wait
245,525,1,2,3,34.0,65.0,501.0,3.3593089010267967,0.31890000000000107,5.0,120.0,24.0,False,Wait
246,525,1,2,5,44.0,84.0,388.0,37.92176683150605,0.41249999999999964,6.0,120.0,20.0,True,Turn
247,525,1,2,6,88.0,129.0,442.0,9.19247612303942,0.4228999999999985,4.0,150.0,37.5,True,Turn
248,525,1,2,7,106.0,137.0,565.0,3.0094961299841017,0.3194999999999997,5.0,150.0,30.0,False,Wait
249,525,1,2,9,0.0,88.0,573.0,3.3387869438124147,0.9590999999999994,6.0,120.0,20.0,False,Wait
250,525,1,2,10,103.0,166.0,496.0,3.3345785951855516,0.7062000000000008,4.0,120.0,30.0,False,Wait
251,525,1,2,12,69.0,305.0,446.0,3.739056450014971,2.4291,4.0,90.0,22.5,False,Wait
252,525,1,2,13,61.0,195.0,532.0,3.8085039719829297,1.3788,5.0,90.0,18.0,False,Wait
253,525,1,2,14,109.0,148.0,686.0,3.6139074712504784,0.4018999999999995,6.0,120.0,20.0,False,Wait
254,525,1,2,16,75.0,109.0,398.0,44.253104137867616,0.3506,6.0,120.0,20.0,True,Turn
255,525,1,2,17,104.0,275.0,490.0,3.3984853877183214,1.764100000000001,4.0,90.0,22.5,False,Wait
256,525,1,2,19,34.0,148.0,613.0,3.6782657886837717,1.2308000000000003,6.0,90.0,15.0,False,Wait
257,525,1,2,21,81.0,129.0,430.0,27.173257674031422,0.5479000000000003,5.0,120.0,24.0,True,Turn
258,525,1,2,25,12.0,46.0,21.0,11.121338571348351,0.40800000000000125,5.0,150.0,30.0,True,Turn
259,525,1,3,1,27.0,82.0,403.0,3.6134467922318447,0.566900000000004,4.0,120.0,30.0,False,Wait
260,525,1,3,4,32.0,79.0,504.0,3.637479825227158,0.4834999999999994,5.0,150.0,30.0,False,Wait
261,525,1,3,6,77.0,396.0,461.0,3.473951809470143,3.2840999999999987,4.0,90.0,22.5,False,Wait
262,525,1,3,7,68.0,110.0,407.0,34.48295051141914,0.4355000000000011,5.0,150.0,30.0,True,Turn
263,525,1,3,8,71.0,321.0,665.0,3.458763002864041,2.632900000000001,6.0,90.0,15.0,False,Wait
264,525,1,3,9,85.0,105.0,420.0,31.08399370803793,0.20650000000000013,6.0,90.0,15.0,True,Turn
265,525,1,3,11,89.0,108.0,391.0,22.588290952240527,0.19700000000000095,4.0,150.0,37.5,True,Turn
266,525,1,3,17,77.0,114.0,412.0,11.731079456232813,0.3805999999999994,4.0,150.0,37.5,True,Turn
267,525,1,3,18,62.0,98.0,380.0,14.599954229706464,0.37180000000000035,4.0,120.0,30.0,True,Turn
268,525,1,3,19,37.0,87.0,497.0,3.7968685522427466,0.5152000000000001,5.0,90.0,18.0,False,Wait
269,525,1,3,20,36.0,67.0,374.0,33.439361111985,0.3201999999999998,5.0,150.0,30.0,True,Turn
270,525,1,3,23,71.0,107.0,403.0,41.385158446533744,0.37159999999999904,6.0,120.0,20.0,True,Turn
271,525,1,3,24,72.0,105.0,411.0,40.10468952062622,0.3410000000000011,6.0,120.0,20.0,True,Turn
272,525,1,3,25,41.0,131.0,608.0,3.6881072268796427,0.9750999999999994,6.0,90.0,15.0,False,Wait
273,525,1,4,1,60.0,90.0,427.0,27.354414502123092,0.3092999999999506,5.0,150.0,30.0,True,Turn
274,525,1,4,4,30.0,65.0,367.0,26.22604534855993,0.3614000000000015,5.0,120.0,24.0,True,Turn
275,525,1,4,10,0.0,9.0,477.0,3.6543815169347944,0.14440000000000097,5.0,120.0,24.0,False,Wait
276,525,1,4,12,48.0,67.0,419.0,3.454184333029128,0.19559999999999889,4.0,90.0,22.5,False,Wait
277,525,1,4,13,59.0,111.0,437.0,3.3435469563283595,0.5364000000000004,4.0,150.0,37.5,False,Wait
278,525,1,4,14,49.0,106.0,62.0,21.847835219153705,0.6368000000000009,6.0,90.0,15.0,True,Turn
279,525,1,4,15,150.0,231.0,538.0,3.906196591604311,0.8348999999999993,4.0,150.0,37.5,False,Wait
280,525,1,4,17,18.0,64.0,563.0,3.8723852586924257,0.4748999999999999,6.0,90.0,15.0,False,Wait
281,525,1,4,18,13.0,58.0,571.0,3.6391687417291143,0.519499999999999,6.0,90.0,15.0,False,Wait
282,525,1,4,19,76.0,122.0,417.0,51.43651379223458,0.47350000000000136,6.0,150.0,25.0,True,Turn
283,525,1,4,20,83.0,121.0,411.0,44.098997413019234,0.3929000000000009,6.0,120.0,20.0,True,Turn
284,525,1,4,22,44.0,105.0,519.0,3.7419240904635287,0.6827000000000005,5.0,90.0,18.0,False,Wait
285,525,1,4,23,48.0,107.0,405.0,32.95502293376982,0.7074999999999996,5.0,150.0,30.0,True,Turn
286,525,1,4,24,75.0,103.0,447.0,3.5030155831919765,0.29029999999999845,4.0,90.0,22.5,False,Wait
287,525,1,4,25,43.0,84.0,55.0,39.65657608345611,0.47139999999999915,4.0,90.0,22.5,True,Turn
288,525,2,5,1,57.0,132.0,68.0,11.207262121336871,0.8298999999999985,5.0,90.0,18.0,True,Turn
289,525,2,5,4,0.0,80.0,392.0,20.50629917343586,0.8765000000000001,5.0,150.0,30.0,True,Turn
290,525,2,5,5,14.0,62.0,376.0,3.244656909586628,0.4955999999999996,4.0,90.0,22.5,False,Wait
291,525,2,5,6,31.0,75.0,392.0,3.477451085916792,0.4535999999999998,4.0,90.0,22.5,False,Wait
292,525,2,5,7,63.0,104.0,446.0,22.259435135309957,0.42570000000000086,5.0,150.0,30.0,True,Turn
293,525,2,5,9,18.0,48.0,358.0,50.37092333259204,0.30990000000000073,6.0,150.0,25.0,True,Turn
294,525,2,5,10,60.0,104.0,434.0,3.253870348948524,0.4541000000000004,4.0,120.0,30.0,False,Wait
295,525,2,5,11,70.0,133.0,439.0,6.133147138783273,0.7066999999999997,4.0,120.0,30.0,True,Turn
296,525,2,5,13,64.0,94.0,402.0,28.422705793685616,0.3094999999999999,6.0,90.0,15.0,True,Turn
297,525,2,5,14,36.0,81.0,382.0,28.67419043833193,0.5208999999999993,6.0,90.0,15.0,True,Turn
298,525,2,5,15,15.0,33.0,382.0,41.69351115386323,0.18480000000000096,6.0,150.0,25.0,True,Turn
299,525,2,5,16,73.0,103.0,387.0,21.917202541619137,0.30879999999999974,5.0,90.0,18.0,True,Turn
300,525,2,5,17,40.0,79.0,431.0,3.2171597355432286,0.45899999999999963,4.0,120.0,30.0,False,Wait
301,525,2,5,18,50.0,83.0,430.0,41.275926533791676,0.34050000000000047,6.0,150.0,25.0,True,Turn
302,525,2,5,25,18.0,46.0,367.0,27.0374370022381,0.2886999999999986,5.0,150.0,30.0,True,Turn
303,525,2,6,1,46.0,69.0,379.0,34.22134695996492,0.2372000000000014,5.0,150.0,30.0,True,Turn
304,525,2,6,3,41.0,59.0,352.0,21.913539222225356,0.1860999999999997,5.0,90.0,18.0,True,Turn
305,525,2,6,6,75.0,105.0,416.0,11.492548198798985,0.30930000000000035,4.0,150.0,37.5,True,Turn
306,525,2,6,7,56.0,102.0,399.0,39.07501611985903,0.4745000000000008,6.0,120.0,20.0,True,Turn
307,525,2,6,8,35.0,73.0,397.0,26.971363409198766,0.44399999999999906,6.0,90.0,15.0,True,Turn
308,525,2,6,13,54.0,89.0,429.0,31.947651111056512,0.3609999999999989,6.0,120.0,20.0,True,Turn
309,525,2,6,14,45.0,83.0,382.0,29.62720159411946,0.442400000000001,5.0,120.0,24.0,True,Turn
310,525,2,6,15,35.0,88.0,47.0,8.28439597758217,0.5988000000000007,6.0,150.0,25.0,True,Turn
311,525,2,6,16,68.0,87.0,419.0,7.831084158311315,0.19549999999999912,4.0,150.0,37.5,True,Turn
312,525,2,6,18,83.0,109.0,395.0,20.967338493747672,0.2680000000000007,4.0,150.0,37.5,True,Turn
313,525,2,6,19,21.0,78.0,410.0,3.3305945624439888,0.6402000000000001,4.0,150.0,37.5,False,Wait
314,525,2,6,21,53.0,100.0,391.0,15.346343397151491,0.5375000000000014,4.0,150.0,37.5,True,Turn
315,525,2,6,22,17.0,58.0,17.0,36.03749782378492,0.4687999999999999,6.0,120.0,20.0,True,Turn
316,525,2,6,23,53.0,93.0,63.0,3.838624991463223,0.47219999999999906,5.0,120.0,24.0,False,Wait
317,525,2,6,25,20.0,75.0,493.0,3.4399508715897578,0.6273999999999997,5.0,120.0,24.0,False,Wait
318,525,2,7,1,40.0,56.0,368.0,28.319231393942598,0.16550000000000864,6.0,90.0,15.0,True,Turn
319,525,2,7,3,72.0,104.0,543.0,3.2433855170171806,0.33089999999999975,5.0,90.0,18.0,False,Wait
320,525,2,7,4,31.0,78.0,375.0,41.09628852545202,0.5423999999999989,6.0,120.0,20.0,True,Turn
321,525,2,7,5,60.0,90.0,387.0,29.23338318337748,0.3092000000000006,6.0,90.0,15.0,True,Turn
322,525,2,7,6,21.0,53.0,383.0,33.27978505627631,0.33000000000000007,6.0,120.0,20.0,True,Turn
323,525,2,7,10,37.0,103.0,411.0,3.5966818531780906,0.6812000000000005,4.0,150.0,37.5,False,Wait
324,525,2,7,12,34.0,85.0,384.0,9.593723591866368,0.6202000000000005,4.0,120.0,30.0,True,Turn
325,525,2,7,13,164.0,214.0,532.0,29.323093284500246,0.5158000000000005,5.0,150.0,30.0,True,Turn
326,525,2,7,15,88.0,130.0,454.0,3.65332849771936,0.4330999999999996,4.0,150.0,37.5,False,Wait
327,525,2,7,16,80.0,129.0,424.0,29.274428165686217,0.5591999999999988,5.0,120.0,24.0,True,Turn
328,525,2,7,17,76.0,112.0,555.0,3.3881546247371586,0.3730999999999991,5.0,90.0,18.0,False,Wait
329,525,2,7,18,12.0,68.0,400.0,3.1173327381857403,0.6349999999999998,4.0,120.0,30.0,False,Wait
330,525,2,7,19,54.0,101.0,426.0,3.318257084656127,0.4855999999999998,4.0,90.0,22.5,False,Wait
331,525,2,7,20,55.0,78.0,375.0,38.95893364759981,0.23669999999999902,5.0,150.0,30.0,True,Turn
332,525,2,7,25,54.0,77.0,370.0,57.56886424038294,0.23730000000000118,6.0,150.0,25.0,True,Turn
333,525,2,8,2,124.0,163.0,501.0,3.2503349055332826,0.4021000000000008,4.0,120.0,30.0,False,Wait
334,525,2,8,6,89.0,131.0,412.0,22.66056601237321,0.4337,5.0,90.0,18.0,True,Turn
335,525,2,8,8,88.0,171.0,549.0,3.5590983052049743,0.8564000000000007,5.0,90.0,18.0,False,Wait
336,525,2,8,10,40.0,89.0,391.0,53.07427233309315,0.5586000000000002,6.0,150.0,25.0,True,Turn
337,525,2,8,11,73.0,100.0,434.0,26.001749755416437,0.2787000000000006,6.0,90.0,15.0,True,Turn
338,525,2,8,12,32.0,81.0,417.0,3.5433073965357056,0.5633999999999997,4.0,90.0,22.5,False,Wait
339,525,2,8,14,74.0,106.0,427.0,6.954503628094072,0.3299000000000003,4.0,120.0,30.0,True,Turn
340,525,2,8,15,94.0,136.0,438.0,19.471401481506025,0.4331000000000014,5.0,90.0,18.0,True,Turn
341,525,2,8,16,12.0,21.0,572.0,3.6583914773874984,0.09280000000000044,6.0,120.0,20.0,False,Wait
342,525,2,8,18,67.0,93.0,428.0,36.532989187717874,0.2685000000000013,6.0,120.0,20.0,True,Turn
343,525,2,8,19,76.0,144.0,434.0,29.2006496474445,0.7003000000000004,5.0,150.0,30.0,True,Turn
344,525,2,8,20,14.0,43.0,381.0,3.5949722317838106,0.299199999999999,4.0,120.0,30.0,False,Wait
345,525,2,8,21,73.0,104.0,400.0,20.230836539421112,0.31909999999999883,5.0,90.0,18.0,True,Turn
346,616,1,1,1,61.0,503.0,632.0,3.5144853570255368,4.551500000000001,6.0,150.0,25.0,False,Wait
347,616,1,1,5,46.0,84.0,425.0,3.281441371820787,0.391,4.0,150.0,37.5,False,Wait
348,616,1,1,6,56.0,90.0,434.0,3.4648372880831917,0.35079999999999956,4.0,120.0,30.0,False,Wait
349,616,1,1,8,81.0,468.0,556.0,3.3616797694803418,3.9819999999999993,5.0,90.0,18.0,False,Wait
350,616,1,1,10,59.0,388.0,442.0,3.4800905765327537,3.385399999999999,4.0,150.0,37.5,False,Wait
351,616,1,1,11,86.0,543.0,657.0,3.4622988212773156,4.7005,6.0,90.0,15.0,False,Wait
352,616,1,1,12,68.0,585.0,656.0,3.625367477898648,5.3657,6.0,90.0,15.0,False,Wait
353,616,1,1,13,85.0,140.0,491.0,35.23562784663037,0.5670000000000002,6.0,150.0,25.0,True,Turn
354,616,1,1,14,70.0,115.0,418.0,31.110934622159174,0.46360000000000134,5.0,150.0,30.0,True,Turn
355,616,1,1,15,53.0,447.0,531.0,3.5384127975033453,4.0555,5.0,120.0,24.0,False,Wait
356,616,1,1,19,55.0,557.0,629.0,3.482828322065119,5.167199999999999,6.0,90.0,15.0,False,Wait
357,616,1,1,20,65.0,402.0,460.0,3.4207631747125395,3.5175,4.0,90.0,22.5,False,Wait
358,616,1,1,21,54.0,514.0,535.0,3.81092672524982,4.732999999999999,5.0,120.0,24.0,False,Wait
359,616,1,1,22,35.0,367.0,432.0,3.5949499044551962,3.4602000000000004,4.0,150.0,37.5,False,Wait
360,616,1,1,24,57.0,442.0,531.0,3.4224979171495167,3.9941999999999993,5.0,90.0,18.0,False,Wait
361,616,1,2,2,31.0,505.0,600.0,3.4985806467992053,4.8766,6.0,90.0,15.0,False,Wait
362,616,1,2,3,50.0,101.0,401.0,47.80067976034228,0.5259,6.0,150.0,25.0,True,Turn
363,616,1,2,5,40.0,411.0,531.0,3.5222981841425782,3.8659,5.0,120.0,24.0,False,Wait
364,616,1,2,7,46.0,543.0,619.0,3.520397783932512,5.1134,6.0,120.0,20.0,False,Wait
365,616,1,2,9,31.0,458.0,610.0,3.32358517266014,4.440700000000001,6.0,90.0,15.0,False,Wait
366,616,1,2,10,47.0,88.0,382.0,7.542628201087827,0.4234999999999989,4.0,120.0,30.0,True,Turn
367,616,1,2,12,51.0,114.0,417.0,44.46483926602815,0.6496999999999993,6.0,150.0,25.0,True,Turn
368,616,1,2,13,83.0,436.0,460.0,3.4435633137592063,3.635,4.0,150.0,37.5,False,Wait
369,616,1,2,14,79.0,517.0,560.0,3.5594033127062144,4.5059999999999985,5.0,90.0,18.0,False,Wait
370,616,1,2,16,100.0,494.0,577.0,3.3479448176825217,4.0527,5.0,90.0,18.0,False,Wait
371,616,1,2,17,44.0,396.0,439.0,3.6909596420718658,3.6735000000000007,4.0,90.0,22.5,False,Wait
372,616,1,2,19,44.0,494.0,538.0,3.2704532890057805,4.686300000000001,5.0,90.0,18.0,False,Wait
373,616,1,2,21,64.0,397.0,446.0,3.3430922976004505,3.4274999999999984,4.0,150.0,37.5,False,Wait
374,616,1,2,25,41.0,327.0,420.0,3.4569613604545033,2.9428,4.0,120.0,30.0,False,Wait
375,616,1,3,1,54.0,486.0,548.0,3.465974229949873,4.500399999999999,5.0,120.0,24.0,False,Wait
376,616,1,3,4,19.0,444.0,583.0,3.413274185503009,4.3779,6.0,90.0,15.0,False,Wait
377,616,1,3,6,18.0,80.0,386.0,43.23688315017365,0.6393000000000004,6.0,150.0,25.0,True,Turn
378,616,1,3,7,52.0,114.0,404.0,8.025485142899395,0.6396999999999995,4.0,150.0,37.5,True,Turn
379,616,1,3,8,64.0,375.0,444.0,3.273810214940761,3.198500000000001,4.0,90.0,22.5,False,Wait
380,616,1,3,9,52.0,528.0,625.0,3.6515180037856245,4.8985,6.0,120.0,20.0,False,Wait
381,616,1,3,10,35.0,104.0,529.0,3.6671247348750975,0.7657999999999987,5.0,150.0,30.0,False,Wait
382,616,1,3,11,53.0,467.0,532.0,3.6226182665331286,4.257800000000001,5.0,90.0,18.0,False,Wait
383,616,1,3,17,53.0,359.0,435.0,3.3078295191751836,3.1493,4.0,150.0,37.5,False,Wait
384,616,1,3,18,58.0,398.0,454.0,3.5266176560070894,3.549899999999999,4.0,120.0,30.0,False,Wait
385,616,1,3,19,16.0,472.0,602.0,3.384778412386039,4.7517,6.0,120.0,20.0,False,Wait
386,616,1,3,20,35.0,361.0,504.0,3.5030175446211884,3.3538999999999994,5.0,90.0,18.0,False,Wait
387,616,1,3,23,48.0,357.0,432.0,3.4737884269400237,3.1792999999999996,4.0,150.0,37.5,False,Wait
388,616,1,3,24,62.0,523.0,636.0,3.396654257060999,4.743399999999999,6.0,120.0,20.0,False,Wait
389,616,1,3,25,93.0,485.0,569.0,3.508364384594692,4.033099999999999,5.0,120.0,24.0,False,Wait
390,616,1,4,1,30.0,493.0,611.0,3.465199117765712,4.825199999999995,6.0,90.0,15.0,False,Wait
391,616,1,4,4,40.0,501.0,606.0,3.300596071865757,4.743,6.0,120.0,20.0,False,Wait
392,616,1,4,10,56.0,383.0,534.0,3.4864769546443206,3.3630999999999993,5.0,150.0,30.0,False,Wait
393,616,1,4,12,35.0,372.0,512.0,3.5195869186200155,3.4665999999999997,5.0,150.0,30.0,False,Wait
394,616,1,4,13,54.0,422.0,532.0,3.4248992592679883,3.7845000000000013,5.0,150.0,30.0,False,Wait
395,616,1,4,14,84.0,417.0,482.0,3.570523377634388,3.4893,4.0,150.0,37.5,False,Wait
396,616,1,4,15,43.0,310.0,418.0,3.641370171481673,2.7467000000000006,4.0,90.0,22.5,False,Wait
397,616,1,4,17,52.0,385.0,521.0,3.396736115229448,3.425700000000001,5.0,90.0,18.0,False,Wait
398,616,1,4,18,70.0,520.0,639.0,3.1331483850070527,4.6297,6.0,120.0,20.0,False,Wait
399,616,1,4,19,43.0,299.0,436.0,3.384943457758875,2.6953000000000014,4.0,120.0,30.0,False,Wait
400,616,1,4,20,44.0,372.0,439.0,3.5107104005955483,3.424999999999999,4.0,120.0,30.0,False,Wait
401,616,1,4,22,36.0,271.0,430.0,3.6918291858580425,2.4764999999999997,4.0,150.0,37.5,False,Wait
402,616,1,4,23,47.0,503.0,621.0,3.292984270518149,4.690099999999999,6.0,150.0,25.0,False,Wait
403,616,1,4,24,84.0,503.0,649.0,3.3874324176266524,4.315800000000001,6.0,90.0,15.0,False,Wait
404,616,1,4,25,55.0,137.0,66.0,54.00111615518124,0.8928999999999991,5.0,150.0,30.0,True,Turn
405,616,2,5,1,67.0,357.0,447.0,3.3396798172589706,2.9860000000000007,4.0,150.0,37.5,False,Wait
406,616,2,5,4,43.0,378.0,529.0,3.4293852217269247,3.505700000000001,5.0,90.0,18.0,False,Wait
407,616,2,5,5,56.0,366.0,438.0,3.4513297443426136,3.192500000000001,4.0,120.0,30.0,False,Wait
408,616,2,5,6,54.0,304.0,537.0,3.6017710567728827,2.6285000000000007,5.0,90.0,18.0,False,Wait
409,616,2,5,7,40.0,117.0,427.0,33.47020357123873,0.8315999999999999,6.0,120.0,20.0,True,Turn
410,616,2,5,9,55.0,118.0,428.0,32.50345628756686,0.6488000000000014,6.0,120.0,20.0,True,Turn
411,616,2,5,10,70.0,122.0,413.0,50.46151482839498,0.5355999999999987,6.0,150.0,25.0,True,Turn
412,616,2,5,11,49.0,297.0,442.0,3.4806513517189965,2.5992999999999995,4.0,120.0,30.0,False,Wait
413,616,2,5,13,78.0,379.0,456.0,3.602351450654768,3.0946999999999996,4.0,120.0,30.0,False,Wait
414,616,2,5,14,39.0,425.0,526.0,3.4033386952939404,4.024699999999999,5.0,90.0,18.0,False,Wait
415,616,2,5,15,44.0,353.0,520.0,3.490269298391133,3.1807,5.0,120.0,24.0,False,Wait
416,616,2,5,16,48.0,114.0,409.0,50.19737561350276,0.7347000000000001,6.0,150.0,25.0,True,Turn
417,616,2,5,17,54.0,96.0,390.0,40.17405219802282,0.43329999999999913,6.0,120.0,20.0,True,Turn
418,616,2,5,18,53.0,363.0,447.0,3.4719234387215385,3.247,4.0,90.0,22.5,False,Wait
419,616,2,5,25,56.0,467.0,534.0,3.3463005584891166,4.226699999999999,5.0,90.0,18.0,False,Wait
420,616,2,6,1,69.0,450.0,540.0,3.4076422300782783,3.955300000000001,5.0,90.0,18.0,False,Wait
421,616,2,6,3,41.0,104.0,418.0,46.64809050511515,0.6992000000000012,6.0,150.0,25.0,True,Turn
422,616,2,6,6,63.0,121.0,541.0,3.5527764044255776,0.5978000000000012,5.0,90.0,18.0,False,Wait
423,616,2,6,7,47.0,102.0,399.0,47.556448833923426,0.5678999999999998,6.0,150.0,25.0,True,Turn
424,616,2,6,8,62.0,419.0,445.0,3.381090341670209,3.6827000000000005,4.0,120.0,30.0,False,Wait
425,616,2,6,13,52.0,268.0,432.0,3.363048765454818,2.2224999999999984,4.0,120.0,30.0,False,Wait
426,616,2,6,14,64.0,143.0,633.0,3.3094261463484744,0.8141000000000016,6.0,120.0,20.0,False,Wait
427,616,2,6,15,48.0,117.0,48.0,8.14307881202405,0.7105999999999995,5.0,150.0,30.0,True,Turn
428,616,2,6,16,68.0,129.0,416.0,31.844628964494476,0.6319999999999997,5.0,150.0,30.0,True,Turn
429,616,2,6,18,55.0,379.0,436.0,3.64745770719843,3.334199999999999,4.0,90.0,22.5,False,Wait
430,616,2,6,19,42.0,122.0,414.0,36.575825512093616,0.8684000000000012,6.0,120.0,20.0,True,Turn
431,616,2,6,21,33.0,354.0,428.0,3.6614501392555834,3.3595000000000006,4.0,90.0,22.5,False,Wait
432,616,2,6,22,65.0,104.0,392.0,11.19992129782476,0.40199999999999925,4.0,120.0,30.0,True,Turn
433,616,2,6,23,62.0,135.0,71.0,12.286660397655519,0.8012999999999995,6.0,150.0,25.0,True,Turn
434,616,2,6,25,35.0,338.0,513.0,3.2601331280269665,3.1723000000000017,5.0,90.0,18.0,False,Wait
435,616,2,7,1,54.0,319.0,432.0,3.2547601252464946,2.7286,4.0,90.0,22.5,False,Wait
436,616,2,7,3,51.0,105.0,394.0,41.58056010536218,0.610100000000001,6.0,120.0,20.0,True,Turn
437,616,2,7,4,45.0,137.0,537.0,3.5577671376494977,0.9959000000000007,5.0,120.0,24.0,False,Wait
438,616,2,7,5,34.0,106.0,398.0,45.14692437320626,0.7426999999999992,6.0,150.0,25.0,True,Turn
439,616,2,7,6,16.0,69.0,359.0,54.31107028048181,0.6062999999999992,6.0,150.0,25.0,True,Turn
440,616,2,7,10,44.0,134.0,622.0,3.3342666115980713,0.9810999999999996,6.0,90.0,15.0,False,Wait
441,616,2,7,12,48.0,511.0,635.0,3.3732637404977703,4.8241,6.0,90.0,15.0,False,Wait
442,616,2,7,13,63.0,467.0,551.0,3.5949351827992047,4.2072,5.0,90.0,18.0,False,Wait
443,616,2,7,15,59.0,415.0,442.0,3.5110123605382966,3.664999999999999,4.0,90.0,22.5,False,Wait
444,616,2,7,16,41.0,347.0,434.0,3.480307221868881,3.1971999999999987,4.0,90.0,22.5,False,Wait
445,616,2,7,17,54.0,121.0,409.0,26.432879425050363,0.7349999999999994,5.0,120.0,24.0,True,Turn
446,616,2,7,18,82.0,138.0,424.0,26.228242238197932,0.577399999999999,5.0,120.0,24.0,True,Turn
447,616,2,7,19,40.0,368.0,423.0,3.5330145708901863,3.374699999999999,4.0,120.0,30.0,False,Wait
448,616,2,7,20,38.0,375.0,434.0,3.703600888524511,3.5177999999999994,4.0,150.0,37.5,False,Wait
449,616,2,7,25,35.0,120.0,47.0,15.41246371503181,0.9327999999999985,5.0,120.0,24.0,True,Turn
450,616,2,8,1,50.0,128.0,59.0,12.087486710389642,0.8521000000000072,6.0,150.0,25.0,True,Turn
451,616,2,8,2,40.0,456.0,530.0,3.490083920915364,4.3362,5.0,90.0,18.0,False,Wait
452,616,2,8,6,26.0,101.0,422.0,22.267232281377915,0.8209999999999997,5.0,150.0,30.0,True,Turn
453,616,2,8,8,47.0,448.0,538.0,3.696119507491139,4.169500000000001,5.0,120.0,24.0,False,Wait
454,616,2,8,10,47.0,99.0,389.0,14.185934082081246,0.5817999999999994,4.0,150.0,37.5,True,Turn
455,616,2,8,11,40.0,372.0,434.0,3.423173273801671,3.4581999999999997,4.0,90.0,22.5,False,Wait
456,616,2,8,12,67.0,397.0,462.0,3.470333216713822,3.4480000000000004,4.0,120.0,30.0,False,Wait
457,616,2,8,14,56.0,520.0,624.0,3.4429010600553567,4.7751,6.0,90.0,15.0,False,Wait
458,616,2,8,15,65.0,122.0,406.0,43.47201566292863,0.6458999999999993,6.0,120.0,20.0,True,Turn
459,616,2,8,16,49.0,374.0,443.0,3.530578625026499,3.3991999999999987,4.0,120.0,30.0,False,Wait
460,616,2,8,18,55.0,469.0,532.0,3.605253600333541,4.256399999999999,5.0,90.0,18.0,False,Wait
461,616,2,8,19,63.0,387.0,444.0,3.545966883653053,3.3336000000000006,4.0,90.0,22.5,False,Wait
462,616,2,8,20,45.0,425.0,601.0,3.3843890824354936,3.9101,6.0,90.0,15.0,False,Wait
463,616,2,8,21,35.0,94.0,421.0,43.3933705404659,0.6573000000000011,6.0,150.0,25.0,True,Turn
464,616,2,8,25,54.0,477.0,546.0,3.441955249923025,4.4079999999999995,5.0,120.0,24.0,False,Wait
465,618,1,1,1,70.0,183.0,447.0,3.708815816891982,1.162700000000001,4.0,120.0,30.0,False,Wait
466,618,1,1,5,89.0,142.0,424.0,36.964078020462814,0.5457999999999998,5.0,150.0,30.0,True,Turn
467,618,1,1,6,59.0,232.0,530.0,3.592195700385935,1.8340999999999994,5.0,90.0,18.0,False,Wait
468,618,1,1,8,80.0,516.0,654.0,3.288945793621276,4.481499999999999,6.0,120.0,20.0,False,Wait
469,618,1,1,10,71.0,96.0,388.0,31.349983514577403,0.2588999999999988,5.0,120.0,24.0,True,Turn
470,618,1,1,11,73.0,439.0,565.0,3.7563611735277713,3.8575999999999997,5.0,90.0,18.0,False,Wait
471,618,1,1,12,60.0,121.0,418.0,33.79752074564684,0.673,5.0,150.0,30.0,True,Turn
472,618,1,1,13,77.0,120.0,417.0,26.475667775385723,0.4433000000000007,5.0,120.0,24.0,True,Turn
473,618,1,1,14,66.0,107.0,532.0,3.5799057024517213,0.42239999999999966,5.0,90.0,18.0,False,Wait
474,618,1,1,15,56.0,109.0,403.0,37.235661399076726,0.6019999999999985,5.0,150.0,30.0,True,Turn
475,618,1,1,19,44.0,162.0,528.0,3.177622915007417,1.2576999999999998,5.0,90.0,18.0,False,Wait
476,618,1,1,20,76.0,160.0,552.0,3.595730155841129,0.8649000000000004,5.0,120.0,24.0,False,Wait
477,618,1,1,21,62.0,193.0,542.0,3.439601713046238,1.4002999999999997,5.0,90.0,18.0,False,Wait
478,618,1,1,22,1.0,73.0,471.0,3.7355598901986817,0.8407999999999998,5.0,90.0,18.0,False,Wait
479,618,1,1,24,65.0,133.0,433.0,43.86942440875903,0.7002000000000006,6.0,150.0,25.0,True,Turn
480,618,1,2,2,67.0,261.0,443.0,3.5407994838130112,1.9966999999999988,4.0,120.0,30.0,False,Wait
481,618,1,2,3,43.0,126.0,420.0,3.376383638842764,0.8536999999999999,4.0,90.0,22.5,False,Wait
482,618,1,2,5,70.0,269.0,440.0,3.5955352785210835,2.045399999999999,4.0,90.0,22.5,False,Wait
483,618,1,2,6,55.0,94.0,387.0,12.65385709527555,0.4016000000000002,4.0,150.0,37.5,True,Turn
484,618,1,2,7,89.0,129.0,426.0,10.907714438021085,0.4115000000000002,4.0,150.0,37.5,True,Turn
485,618,1,2,9,39.0,388.0,618.0,3.786983869829951,3.642199999999999,6.0,90.0,15.0,False,Wait
486,618,1,2,10,51.0,94.0,390.0,43.39445916659836,0.5385000000000009,6.0,120.0,20.0,True,Turn
487,618,1,2,12,67.0,363.0,457.0,3.5739191585917,3.0977000000000015,4.0,90.0,22.5,False,Wait
488,618,1,2,13,113.0,476.0,497.0,3.809076559498372,3.7327999999999992,4.0,120.0,30.0,False,Wait
489,618,1,2,14,43.0,232.0,440.0,3.6629187811790316,2.030199999999999,4.0,150.0,37.5,False,Wait
490,618,1,2,16,64.0,285.0,557.0,3.405855908190948,2.331999999999999,5.0,120.0,24.0,False,Wait
491,618,1,2,17,101.0,164.0,474.0,25.09867035829994,0.6478999999999999,5.0,150.0,30.0,True,Turn
492,618,1,2,19,29.0,125.0,430.0,38.85088951577608,1.0471000000000004,6.0,150.0,25.0,True,Turn
493,618,1,2,21,55.0,141.0,443.0,43.50461469854149,0.9413999999999998,6.0,150.0,25.0,True,Turn
494,618,1,2,25,95.0,151.0,467.0,3.586847084685797,0.5759999999999987,4.0,90.0,22.5,False,Wait
495,618,1,3,1,58.0,167.0,433.0,3.276558804500321,1.1201000000000079,4.0,90.0,22.5,False,Wait
496,618,1,3,4,53.0,124.0,629.0,3.537807304500084,0.7904,6.0,90.0,15.0,False,Wait
497,618,1,3,6,72.0,114.0,399.0,20.934180403410537,0.432599999999999,5.0,90.0,18.0,True,Turn
498,618,1,3,7,64.0,119.0,414.0,31.135753875079512,0.5653000000000006,5.0,150.0,30.0,True,Turn
499,618,1,3,8,73.0,130.0,410.0,41.11061065671843,0.6858999999999984,5.0,150.0,30.0,True,Turn
500,618,1,3,9,29.0,80.0,376.0,28.78074873249058,0.5835000000000008,5.0,120.0,24.0,True,Turn
501,618,1,3,10,0.0,69.0,369.0,29.05973352433332,0.8038000000000007,5.0,150.0,30.0,True,Turn
502,618,1,3,11,77.0,126.0,418.0,38.52403670401186,0.6018000000000008,5.0,150.0,30.0,True,Turn
503,618,1,3,17,77.0,112.0,409.0,42.099688769545025,0.3605999999999998,6.0,120.0,20.0,True,Turn
504,618,1,3,18,50.0,115.0,417.0,36.37945587731428,0.714500000000001,6.0,120.0,20.0,True,Turn
505,618,1,3,19,60.0,87.0,417.0,25.091781487265813,0.2779999999999987,6.0,90.0,15.0,True,Turn
506,618,1,3,20,64.0,105.0,403.0,28.264183822880533,0.4215,6.0,90.0,15.0,True,Turn
507,618,1,3,23,51.0,80.0,378.0,29.143548558015954,0.29879999999999995,6.0,90.0,15.0,True,Turn
508,618,1,3,24,105.0,164.0,676.0,3.242719604834143,0.6661999999999999,6.0,90.0,15.0,False,Wait
509,618,1,3,25,53.0,106.0,402.0,53.95728819758579,0.6014999999999997,6.0,150.0,25.0,True,Turn
510,618,1,4,1,82.0,213.0,93.0,10.954803062241334,1.4612000000000016,6.0,90.0,15.0,True,Turn
511,618,1,4,4,79.0,130.0,456.0,2.9033049909082687,0.5244999999999997,4.0,150.0,37.5,False,Wait
512,618,1,4,10,54.0,355.0,527.0,3.2732733775508924,3.0954000000000015,5.0,90.0,18.0,False,Wait
513,618,1,4,12,67.0,134.0,444.0,3.5207416166713554,0.688600000000001,4.0,120.0,30.0,False,Wait
514,618,1,4,13,62.0,111.0,414.0,8.470326725168102,0.5047000000000015,4.0,150.0,37.5,True,Turn
515,618,1,4,14,69.0,271.0,447.0,3.473963875320931,2.077399999999999,4.0,150.0,37.5,False,Wait
516,618,1,4,15,90.0,304.0,463.0,3.6529675850130396,2.200800000000001,4.0,90.0,22.5,False,Wait
517,618,1,4,17,56.0,243.0,427.0,3.2723086290230343,1.921800000000001,4.0,90.0,22.5,False,Wait
518,618,1,4,18,70.0,289.0,438.0,3.582565949195865,2.249599999999999,4.0,90.0,22.5,False,Wait
519,618,1,4,19,73.0,135.0,440.0,3.467781947267564,0.6378000000000004,4.0,90.0,22.5,False,Wait
520,618,1,4,20,86.0,158.0,480.0,3.1625929519847444,0.7900999999999989,4.0,120.0,30.0,False,Wait
521,618,1,4,22,63.0,485.0,626.0,3.571682375688031,4.3325,6.0,90.0,15.0,False,Wait
522,618,1,4,23,86.0,147.0,440.0,49.39903753551661,0.6292999999999989,6.0,150.0,25.0,True,Turn
523,618,1,4,24,64.0,99.0,461.0,41.1367151821285,0.46390000000000065,6.0,150.0,25.0,True,Turn
524,618,1,4,25,39.0,95.0,50.0,53.95741407547514,0.6278000000000006,6.0,150.0,25.0,True,Turn
525,618,2,5,1,65.0,110.0,446.0,3.316686339937328,0.4629000000000012,4.0,150.0,37.5,False,Wait
526,618,2,5,4,54.0,167.0,456.0,21.157391489345827,1.2571000000000012,5.0,150.0,30.0,True,Turn
527,618,2,5,5,55.0,429.0,543.0,3.5730116828135445,3.888200000000001,5.0,90.0,18.0,False,Wait
528,618,2,5,6,54.0,150.0,519.0,3.6242426450959786,0.9885999999999999,5.0,120.0,24.0,False,Wait
529,618,2,5,7,68.0,113.0,400.0,58.939145795414674,0.5512999999999995,6.0,150.0,25.0,True,Turn
530,618,2,5,9,48.0,140.0,426.0,25.17281039194015,1.0033000000000012,6.0,90.0,15.0,True,Turn
531,618,2,5,10,63.0,107.0,433.0,3.2819217232697673,0.45279999999999987,4.0,120.0,30.0,False,Wait
532,618,2,5,11,72.0,145.0,630.0,3.5155621175733893,0.7507000000000001,6.0,120.0,20.0,False,Wait
533,618,2,5,13,83.0,113.0,401.0,42.12815129557702,0.3087,5.0,150.0,30.0,True,Turn
534,618,2,5,14,58.0,119.0,400.0,31.133483164223755,0.6667999999999985,5.0,120.0,24.0,True,Turn
535,618,2,5,15,75.0,101.0,644.0,3.6045331174614494,0.2677000000000014,6.0,90.0,15.0,False,Wait
536,618,2,5,16,74.0,101.0,387.0,45.660553743379516,0.27890000000000015,6.0,120.0,20.0,True,Turn
537,618,2,5,17,50.0,90.0,410.0,9.237220134709439,0.4701000000000004,4.0,120.0,30.0,True,Turn
538,618,2,5,18,45.0,343.0,438.0,3.2651345098501965,3.1042000000000005,4.0,120.0,30.0,False,Wait
539,618,2,5,25,85.0,135.0,422.0,11.225620006812148,0.5149000000000008,4.0,150.0,37.5,True,Turn
540,618,2,6,1,53.0,112.0,645.0,3.4374486268631728,0.6999999999999993,6.0,150.0,25.0,False,Wait
541,618,2,6,3,52.0,116.0,405.0,37.24899141005581,0.7368000000000006,5.0,150.0,30.0,True,Turn
542,618,2,6,6,64.0,215.0,438.0,3.45692573374031,1.5503,4.0,150.0,37.5,False,Wait
543,618,2,6,7,62.0,335.0,534.0,3.350895183122597,2.8048,5.0,90.0,18.0,False,Wait
544,618,2,6,8,84.0,245.0,465.0,3.559534031597313,1.6563999999999997,4.0,150.0,37.5,False,Wait
545,618,2,6,13,64.0,254.0,544.0,3.45640029379229,1.9533000000000005,5.0,90.0,18.0,False,Wait
546,618,2,6,14,57.0,115.0,400.0,15.267081076802421,0.6486999999999998,4.0,150.0,37.5,True,Turn
547,618,2,6,15,57.0,109.0,69.0,7.824273994491035,0.5844000000000005,6.0,150.0,25.0,True,Turn
548,618,2,6,16,59.0,609.0,651.0,3.3182483360262744,5.7463999999999995,6.0,90.0,15.0,False,Wait
549,618,2,6,18,48.0,107.0,404.0,33.81018676806753,0.6643000000000008,5.0,150.0,30.0,True,Turn
550,618,2,6,19,53.0,117.0,404.0,36.02305922765172,0.716899999999999,5.0,150.0,30.0,True,Turn
551,618,2,6,21,42.0,81.0,367.0,59.052229437259015,0.4558,6.0,150.0,25.0,True,Turn
552,618,2,6,22,30.0,63.0,408.0,3.6740729646720887,0.3413000000000004,4.0,120.0,30.0,False,Wait
553,618,2,6,23,51.0,309.0,441.0,3.4953298662603074,2.7348999999999997,4.0,90.0,22.5,False,Wait
554,618,2,6,25,77.0,123.0,409.0,54.821121170219456,0.4742999999999995,6.0,150.0,25.0,True,Turn
555,618,2,7,1,79.0,329.0,475.0,3.6422968871763164,2.6613000000000113,4.0,120.0,30.0,False,Wait
556,618,2,7,3,55.0,144.0,646.0,3.517748052017547,1.0037000000000003,6.0,120.0,20.0,False,Wait
557,618,2,7,4,54.0,116.0,538.0,3.1864150464012924,0.6952999999999996,5.0,120.0,24.0,False,Wait
558,618,2,7,5,75.0,360.0,456.0,3.2762021616725963,2.9320000000000004,4.0,90.0,22.5,False,Wait
559,618,2,7,6,68.0,369.0,537.0,3.7182824667403915,3.0930999999999997,5.0,120.0,24.0,False,Wait
560,618,2,7,10,32.0,137.0,426.0,42.79319386375885,1.1715,6.0,150.0,25.0,True,Turn
561,618,2,7,12,62.0,87.0,399.0,13.626112412183522,0.2580000000000009,4.0,150.0,37.5,True,Turn
562,618,2,7,13,75.0,125.0,412.0,53.62631082363495,0.5138999999999996,6.0,150.0,25.0,True,Turn
563,618,2,7,15,44.0,354.0,440.0,3.3125376206616237,3.2485999999999997,4.0,90.0,22.5,False,Wait
564,618,2,7,16,50.0,352.0,540.0,3.1863100907865105,3.1982999999999997,5.0,150.0,30.0,False,Wait
565,618,2,7,17,55.0,124.0,414.0,39.9034031680517,0.7591000000000001,6.0,120.0,20.0,True,Turn
566,618,2,7,18,65.0,384.0,449.0,3.451481488184933,3.277199999999999,4.0,120.0,30.0,False,Wait
567,618,2,7,19,71.0,448.0,549.0,3.484405544586136,3.8766,5.0,150.0,30.0,False,Wait
568,618,2,7,20,57.0,450.0,612.0,3.7628957872726447,4.042199999999999,6.0,90.0,15.0,False,Wait
569,618,2,7,25,48.0,267.0,518.0,3.2578359613944587,2.2513000000000005,5.0,120.0,24.0,False,Wait
570,618,2,8,1,75.0,396.0,554.0,3.093637306143521,3.3037999999999954,5.0,150.0,30.0,False,Wait
571,618,2,8,2,73.0,157.0,447.0,23.579086729068646,0.8632000000000009,6.0,90.0,15.0,True,Turn
572,618,2,8,6,63.0,97.0,376.0,43.3424734136632,0.3504000000000005,5.0,150.0,30.0,True,Turn
573,618,2,8,8,86.0,405.0,554.0,3.2819937273604607,3.2805999999999997,5.0,120.0,24.0,False,Wait
574,618,2,8,10,50.0,184.0,511.0,3.7163867711271554,1.380799999999999,5.0,120.0,24.0,False,Wait
575,618,2,8,11,76.0,419.0,460.0,3.1040589906921108,3.5297,4.0,120.0,30.0,False,Wait
576,618,2,8,12,70.0,138.0,424.0,36.86536242194924,0.6988000000000003,6.0,120.0,20.0,True,Turn
577,618,2,8,14,82.0,519.0,652.0,3.5748139758806095,4.4864,6.0,150.0,25.0,False,Wait
578,618,2,8,15,78.0,392.0,458.0,3.6224021145810736,3.2269000000000005,4.0,120.0,30.0,False,Wait
579,618,2,8,16,74.0,172.0,453.0,3.59277901135464,1.0074999999999985,4.0,90.0,22.5,False,Wait
580,618,2,8,18,72.0,419.0,455.0,3.4469453427081644,3.5657999999999994,4.0,120.0,30.0,False,Wait
581,618,2,8,19,80.0,236.0,518.0,21.64184612001012,1.6031000000000013,6.0,120.0,20.0,True,Turn
582,618,2,8,20,40.0,137.0,430.0,25.141139021847014,1.0527999999999995,5.0,150.0,30.0,True,Turn
583,618,2,8,21,70.0,130.0,416.0,40.041191212935814,0.6170000000000009,6.0,120.0,20.0,True,Turn
584,618,2,8,25,106.0,403.0,486.0,3.2550333382091154,3.0532000000000004,4.0,150.0,37.5,False,Wait
585,642,1,1,1,16.0,96.0,491.0,3.4764860174567827,0.8240999999999978,5.0,120.0,24.0,False,Wait
586,642,1,1,5,45.0,390.0,444.0,3.3655729856928653,3.6133000000000006,4.0,150.0,37.5,False,Wait
587,642,1,1,6,84.0,93.0,394.0,25.711688587672658,0.15399999999999991,4.0,150.0,37.5,True,Turn
588,642,1,1,8,28.0,159.0,612.0,3.76571335549051,1.3925,6.0,150.0,25.0,False,Wait
589,642,1,1,10,32.0,148.0,455.0,15.069405188361603,1.2410999999999994,5.0,150.0,30.0,True,Turn
590,642,1,1,11,73.0,426.0,471.0,3.6296840207143015,3.7194000000000003,4.0,120.0,30.0,False,Wait
591,642,1,1,12,114.0,452.0,588.0,3.7960949872525225,3.4749,5.0,90.0,18.0,False,Wait
592,642,1,1,13,49.0,116.0,417.0,7.547549732675707,0.7433000000000014,4.0,150.0,37.5,True,Turn
593,642,1,1,14,85.0,598.0,678.0,3.4089897381822047,5.3225,6.0,150.0,25.0,False,Wait
594,642,1,1,15,110.0,637.0,684.0,3.667434077246236,5.423000000000002,6.0,90.0,15.0,False,Wait
595,642,1,1,19,62.0,269.0,443.0,3.548850985106698,2.127699999999999,4.0,120.0,30.0,False,Wait
596,642,1,1,20,111.0,127.0,448.0,38.73248466164632,0.16439999999999877,5.0,150.0,30.0,True,Turn
597,642,1,1,21,74.0,116.0,460.0,39.56891539149314,0.4319000000000006,6.0,150.0,25.0,True,Turn
598,642,1,1,22,56.0,131.0,419.0,32.766920774639985,0.8240999999999996,5.0,150.0,30.0,True,Turn
599,642,1,1,24,27.0,197.0,614.0,3.7045099005472677,1.8051999999999992,6.0,150.0,25.0,False,Wait
600,642,1,2,2,78.0,616.0,668.0,3.2115750044315834,5.6341,6.0,90.0,15.0,False,Wait
601,642,1,2,3,46.0,585.0,640.0,3.218363554448038,5.5951,6.0,120.0,20.0,False,Wait
602,642,1,2,5,69.0,109.0,402.0,54.21895238842071,0.4115000000000002,6.0,150.0,25.0,True,Turn
603,642,1,2,6,72.0,178.0,470.0,29.055340469299935,1.0917999999999992,6.0,120.0,20.0,True,Turn
604,642,1,2,7,87.0,439.0,469.0,3.5936331526195513,3.6211,4.0,120.0,30.0,False,Wait
605,642,1,2,9,57.0,97.0,400.0,28.78083666851725,0.4687000000000001,5.0,120.0,24.0,True,Turn
606,642,1,2,10,67.0,389.0,448.0,3.583319679336442,3.3126999999999995,4.0,120.0,30.0,False,Wait
607,642,1,2,12,22.0,94.0,400.0,26.15163881412445,0.7926000000000002,5.0,150.0,30.0,True,Turn
608,642,1,2,13,78.0,416.0,462.0,3.905241606929509,3.4735999999999994,4.0,120.0,30.0,False,Wait
609,642,1,2,16,74.0,127.0,422.0,41.41387780340939,0.597900000000001,6.0,120.0,20.0,True,Turn
610,642,1,2,17,73.0,483.0,552.0,3.862714295043211,4.215999999999999,5.0,90.0,18.0,False,Wait
611,642,1,2,19,92.0,202.0,475.0,3.768133544827722,1.1318000000000001,4.0,150.0,37.5,False,Wait
612,642,1,2,21,62.0,382.0,460.0,3.67688067409886,3.3499999999999996,4.0,90.0,22.5,False,Wait
613,642,1,2,25,62.0,109.0,465.0,15.95779709301494,0.48570000000000135,5.0,150.0,30.0,True,Turn
614,642,1,3,1,72.0,590.0,643.0,3.3455083258790648,5.326899999999995,6.0,90.0,15.0,False,Wait
615,642,1,3,4,76.0,169.0,662.0,3.770721523622357,1.0135000000000005,6.0,120.0,20.0,False,Wait
616,642,1,3,6,80.0,607.0,656.0,3.882592269455442,5.420399999999999,6.0,150.0,25.0,False,Wait
617,642,1,3,7,47.0,334.0,425.0,3.669937195042516,2.949299999999999,4.0,90.0,22.5,False,Wait
618,642,1,3,8,26.0,90.0,400.0,21.543751665626537,0.7165000000000017,5.0,120.0,24.0,True,Turn
619,642,1,3,9,110.0,153.0,434.0,16.719339672290758,0.4428000000000001,4.0,150.0,37.5,True,Turn
620,642,1,3,10,51.0,438.0,528.0,4.017088563697881,3.978299999999999,5.0,120.0,24.0,False,Wait
621,642,1,3,11,79.0,511.0,558.0,3.905786452060768,4.4414,5.0,150.0,30.0,False,Wait
622,642,1,3,17,109.0,233.0,588.0,3.6087209418417876,1.2748999999999988,5.0,150.0,30.0,False,Wait
623,642,1,3,18,104.0,603.0,682.0,3.7360129925228374,5.128,6.0,90.0,15.0,False,Wait
624,642,1,3,19,85.0,429.0,482.0,3.5445092232662563,3.5944000000000003,4.0,90.0,22.5,False,Wait
625,642,1,3,20,68.0,418.0,450.0,3.7816568621247617,3.5984999999999996,4.0,120.0,30.0,False,Wait
626,642,1,3,23,84.0,484.0,667.0,3.671306508698872,4.175099999999999,6.0,120.0,20.0,False,Wait
627,642,1,3,24,106.0,147.0,432.0,13.020299610526942,0.4237000000000002,4.0,120.0,30.0,True,Turn
628,642,1,3,25,66.0,498.0,545.0,3.96753384544135,4.440999999999999,5.0,120.0,24.0,False,Wait
629,642,1,4,1,55.0,578.0,633.0,3.4410663534583215,5.375699999999998,6.0,90.0,15.0,False,Wait
630,642,1,4,4,87.0,442.0,486.0,3.6657691727061166,3.6913,4.0,90.0,22.5,False,Wait
631,642,1,4,10,81.0,467.0,560.0,3.875706359618837,3.9687,5.0,120.0,24.0,False,Wait
632,642,1,4,12,86.0,155.0,458.0,13.413941962440248,0.7103999999999999,5.0,90.0,18.0,True,Turn
633,642,1,4,13,40.0,130.0,432.0,3.6866948221112614,0.9827999999999992,4.0,120.0,30.0,False,Wait
634,642,1,4,14,56.0,360.0,435.0,3.987598525863076,3.1243,4.0,90.0,22.5,False,Wait
635,642,1,4,15,82.0,369.0,540.0,3.780029245413534,2.9483000000000015,5.0,90.0,18.0,False,Wait
636,642,1,4,17,67.0,586.0,660.0,3.7961932011557544,5.3946000000000005,6.0,90.0,15.0,False,Wait
637,642,1,4,18,122.0,431.0,505.0,3.774178435910119,3.1788000000000007,4.0,90.0,22.5,False,Wait
638,642,1,4,19,123.0,673.0,698.0,3.8047242704934012,5.6538,6.0,120.0,20.0,False,Wait
639,642,1,4,20,14.0,337.0,393.0,3.636960935186216,3.3239,4.0,120.0,30.0,False,Wait
640,642,1,4,22,92.0,193.0,484.0,39.7946206314218,1.0381999999999998,6.0,150.0,25.0,True,Turn
641,642,1,4,23,39.0,108.0,395.0,40.5823674205878,0.7872000000000003,6.0,120.0,20.0,True,Turn
642,642,1,4,24,19.0,26.0,488.0,3.693435693107259,0.07189999999999941,5.0,120.0,24.0,False,Wait
643,642,1,4,25,91.0,174.0,102.0,54.375914709411354,0.9184999999999999,5.0,150.0,30.0,True,Turn
644,642,2,5,1,65.0,184.0,633.0,3.2875884469444134,1.226300000000002,6.0,90.0,15.0,False,Wait
645,642,2,5,4,67.0,138.0,437.0,36.456160328202394,0.7899999999999991,6.0,120.0,20.0,True,Turn
646,642,2,5,5,71.0,153.0,466.0,18.425645617569597,0.894400000000001,5.0,120.0,24.0,True,Turn
647,642,2,5,6,105.0,515.0,581.0,3.95470137656928,4.225300000000001,5.0,120.0,24.0,False,Wait
648,642,2,5,7,87.0,178.0,562.0,3.333848939174475,0.9382000000000001,5.0,90.0,18.0,False,Wait
649,642,2,5,9,84.0,144.0,426.0,11.15817618491027,0.6199000000000012,4.0,150.0,37.5,True,Turn
650,642,2,5,10,50.0,189.0,629.0,3.67205560469409,1.4695999999999998,6.0,90.0,15.0,False,Wait
651,642,2,5,11,86.0,134.0,466.0,3.8244553283350973,0.4947999999999997,4.0,150.0,37.5,False,Wait
652,642,2,5,13,77.0,224.0,639.0,3.7360083965350306,1.5138999999999996,6.0,90.0,15.0,False,Wait
653,642,2,5,14,80.0,269.0,463.0,3.616532957884918,1.9471000000000007,4.0,90.0,22.5,False,Wait
654,642,2,5,15,13.0,83.0,406.0,3.739607139913602,0.7758000000000003,4.0,120.0,30.0,False,Wait
655,642,2,5,16,60.0,187.0,526.0,3.4610598323913258,1.3087999999999997,5.0,90.0,18.0,False,Wait
656,642,2,5,17,80.0,454.0,556.0,3.7422981476058426,3.847899999999999,5.0,90.0,18.0,False,Wait
657,642,2,5,18,88.0,257.0,662.0,3.622683631273816,1.7447,6.0,90.0,15.0,False,Wait
658,642,2,5,25,62.0,122.0,452.0,3.567706652869703,0.6700999999999997,4.0,90.0,22.5,False,Wait
659,642,2,6,1,60.0,138.0,541.0,3.616466926186294,0.803799999999999,5.0,90.0,18.0,False,Wait
660,642,2,6,3,63.0,116.0,448.0,39.477799081533625,0.5454999999999988,6.0,150.0,25.0,True,Turn
661,642,2,6,6,73.0,356.0,645.0,3.8448189583337267,2.9131,6.0,120.0,20.0,False,Wait
662,642,2,6,7,82.0,148.0,454.0,7.351566505464683,0.7332999999999998,4.0,150.0,37.5,True,Turn
663,642,2,6,8,76.0,141.0,652.0,3.5964495939969976,0.6699000000000002,6.0,90.0,15.0,False,Wait
664,642,2,6,13,73.0,533.0,567.0,3.438623467179617,4.7927,5.0,90.0,18.0,False,Wait
665,642,2,6,14,78.0,128.0,429.0,30.297616092134163,0.5157000000000007,5.0,150.0,30.0,True,Turn
666,642,2,6,15,87.0,651.0,676.0,3.390452161844688,5.851699999999999,6.0,90.0,15.0,False,Wait
667,642,2,6,16,20.0,81.0,420.0,19.58637649934693,0.6862999999999992,5.0,150.0,30.0,True,Turn
668,642,2,6,18,84.0,451.0,466.0,3.72437983835999,3.7773000000000003,4.0,120.0,30.0,False,Wait
669,642,2,6,19,32.0,374.0,424.0,3.758831151838306,3.5716,4.0,120.0,30.0,False,Wait
670,642,2,6,21,50.0,405.0,433.0,3.3965176909155956,3.6525,4.0,90.0,22.5,False,Wait
671,642,2,6,22,103.0,168.0,449.0,11.342271063128743,0.670300000000001,4.0,150.0,37.5,True,Turn
672,642,2,6,25,48.0,128.0,422.0,35.356553816934735,0.8775999999999993,6.0,120.0,20.0,True,Turn
673,642,2,7,1,81.0,496.0,477.0,3.6960559127265165,4.324200000000005,4.0,90.0,22.5,False,Wait
674,642,2,7,4,48.0,106.0,393.0,53.33380614360461,0.654300000000001,6.0,150.0,25.0,True,Turn
675,642,2,7,5,59.0,390.0,440.0,4.111266002287176,3.405199999999999,4.0,120.0,30.0,False,Wait
676,642,2,7,6,63.0,510.0,556.0,3.8315050968266346,4.6587,5.0,120.0,24.0,False,Wait
677,642,2,7,12,81.0,580.0,656.0,3.916293136836987,5.131600000000001,6.0,90.0,15.0,False,Wait
678,642,2,7,13,72.0,128.0,417.0,50.46187806450168,0.577,6.0,150.0,25.0,True,Turn
679,642,2,7,15,91.0,173.0,464.0,18.995098060849532,0.8453999999999997,5.0,120.0,24.0,True,Turn
680,642,2,7,16,68.0,499.0,561.0,3.976839449136037,4.491,5.0,90.0,18.0,False,Wait
681,642,2,7,17,50.0,115.0,408.0,9.121044339646192,0.7167999999999992,4.0,150.0,37.5,True,Turn
682,642,2,7,18,71.0,112.0,404.0,11.026387612045873,0.4229000000000003,4.0,150.0,37.5,True,Turn
683,642,2,7,19,22.0,560.0,613.0,3.6130957355663798,5.585699999999999,6.0,90.0,15.0,False,Wait
684,642,2,7,20,72.0,435.0,468.0,3.7830830082645166,3.7905000000000015,4.0,120.0,30.0,False,Wait
685,642,2,7,25,81.0,150.0,431.0,24.295032121110395,0.7110000000000003,5.0,120.0,24.0,True,Turn
686,642,2,8,1,90.0,147.0,431.0,51.8219195331193,0.5874999999999986,6.0,150.0,25.0,True,Turn
687,642,2,8,2,63.0,128.0,419.0,38.8828195462087,0.6705000000000005,6.0,120.0,20.0,True,Turn
688,642,2,8,6,42.0,148.0,620.0,3.558419648287779,1.0936000000000003,6.0,120.0,20.0,False,Wait
689,642,2,8,8,75.0,138.0,434.0,28.8105258641548,0.6494,5.0,150.0,30.0,True,Turn
690,642,2,8,10,75.0,130.0,421.0,51.015035289371255,0.5663999999999998,6.0,150.0,25.0,True,Turn
691,642,2,8,11,59.0,425.0,442.0,3.862272324329339,3.764199999999999,4.0,150.0,37.5,False,Wait
692,642,2,8,12,46.0,512.0,525.0,4.2295336039547555,4.7987,5.0,120.0,24.0,False,Wait
693,642,2,8,14,83.0,587.0,564.0,3.607178294223071,5.184099999999999,5.0,120.0,24.0,False,Wait
694,642,2,8,15,46.0,106.0,387.0,6.986696086402298,0.6187000000000005,4.0,120.0,30.0,True,Turn
695,642,2,8,16,68.0,538.0,561.0,3.672944561768994,4.887499999999999,5.0,120.0,24.0,False,Wait
696,642,2,8,18,48.0,111.0,412.0,44.81178023099115,0.6493000000000002,6.0,150.0,25.0,True,Turn
697,642,2,8,19,86.0,427.0,469.0,3.56721911856129,3.512599999999999,4.0,90.0,22.5,False,Wait
698,642,2,8,20,86.0,538.0,565.0,3.8145922092753515,4.649700000000001,5.0,120.0,24.0,False,Wait
699,642,2,8,21,45.0,395.0,428.0,3.8956038227245693,3.5993999999999993,4.0,150.0,37.5,False,Wait
700,642,2,8,25,63.0,132.0,415.0,9.153878171173645,0.7707999999999995,4.0,120.0,30.0,True,Turn
701,755,1,1,1,27.0,35.0,37.0,4.330621545373817,0.12420000000000186,6.0,120.0,20.0,False,Wait
702,755,1,1,5,168.0,202.0,523.0,49.53005345254582,0.3498999999999999,6.0,150.0,25.0,True,Turn
703,755,1,1,8,54.0,114.0,412.0,3.3666581003086544,0.6189,4.0,150.0,37.5,False,Wait
704,755,1,1,10,0.0,310.0,390.0,3.47593852479194,3.2394,4.0,90.0,22.5,False,Wait
705,755,1,1,11,18.0,39.0,579.0,3.6093962389888383,0.21630000000000038,6.0,120.0,20.0,False,Wait
706,755,1,1,13,25.0,276.0,416.0,3.4986492534382516,2.6311999999999998,4.0,90.0,22.5,False,Wait
707,755,1,1,14,30.0,54.0,408.0,41.91726010760028,0.24739999999999895,6.0,150.0,25.0,True,Turn
708,755,1,1,19,13.0,59.0,397.0,3.6576093327480788,0.47390000000000043,4.0,120.0,30.0,False,Wait
709,755,1,1,20,39.0,153.0,515.0,3.423861326576273,1.1742999999999988,5.0,90.0,18.0,False,Wait
710,755,1,1,21,0.0,92.0,483.0,3.630384234397847,0.9989000000000008,5.0,90.0,18.0,False,Wait
711,755,1,1,22,18.0,29.0,376.0,26.291363750951966,0.11330000000000062,5.0,150.0,30.0,True,Turn
712,755,1,1,24,47.0,96.0,426.0,3.7332120729717992,0.5040000000000013,4.0,120.0,30.0,False,Wait
713,755,1,2,3,44.0,96.0,427.0,3.283136576492019,0.5363999999999987,4.0,150.0,37.5,False,Wait
714,755,1,2,5,40.0,89.0,429.0,23.677933965797656,0.5545999999999989,5.0,150.0,30.0,True,Turn
715,755,1,2,6,42.0,92.0,395.0,46.89554124835178,0.5153999999999996,6.0,150.0,25.0,True,Turn
716,755,1,2,7,51.0,121.0,414.0,28.051763165809632,0.7213000000000012,5.0,150.0,30.0,True,Turn
717,755,1,2,9,49.0,109.0,453.0,30.876672985224946,0.6679000000000013,6.0,120.0,20.0,True,Turn
718,755,1,2,10,17.0,111.0,505.0,3.4098882275787417,1.0104999999999986,5.0,150.0,30.0,False,Wait
719,755,1,2,12,96.0,588.0,668.0,3.6778669382952853,5.060499999999999,6.0,90.0,15.0,False,Wait
720,755,1,2,13,20.0,322.0,397.0,3.535051491255604,3.1103000000000005,4.0,120.0,30.0,False,Wait
721,755,1,2,14,34.0,404.0,606.0,3.251214833031381,3.805900000000001,6.0,120.0,20.0,False,Wait
722,755,1,2,16,49.0,380.0,433.0,3.5492809585055,3.405900000000001,4.0,120.0,30.0,False,Wait
723,755,1,2,17,61.0,117.0,422.0,29.070548295653396,0.5765999999999991,5.0,150.0,30.0,True,Turn
724,755,1,2,19,39.0,346.0,421.0,3.462649560605208,3.1663999999999994,4.0,120.0,30.0,False,Wait
725,755,1,2,21,58.0,105.0,437.0,23.604273951505423,0.485100000000001,5.0,150.0,30.0,True,Turn
726,755,1,3,1,31.0,102.0,40.0,11.80292116839763,0.7724000000000046,6.0,150.0,25.0,True,Turn
727,755,1,3,4,46.0,316.0,424.0,3.5209949066924944,2.782400000000001,4.0,90.0,22.5,False,Wait
728,755,1,3,6,47.0,91.0,412.0,45.85358465219652,0.4537999999999993,6.0,150.0,25.0,True,Turn
729,755,1,3,7,39.0,67.0,395.0,8.03926374750846,0.2887000000000004,4.0,150.0,37.5,True,Turn
730,755,1,3,8,19.0,353.0,495.0,3.5053660967311755,3.438600000000001,5.0,120.0,24.0,False,Wait
731,755,1,3,9,0.0,107.0,495.0,3.2828103141870497,1.1555999999999997,5.0,150.0,30.0,False,Wait
732,755,1,3,10,65.0,118.0,404.0,26.671743080339677,0.5460999999999991,5.0,120.0,24.0,True,Turn
733,755,1,3,11,25.0,109.0,424.0,40.09480331930175,0.9223999999999997,6.0,150.0,25.0,True,Turn
734,755,1,3,17,12.0,84.0,439.0,32.23620091476519,0.8010000000000002,6.0,150.0,25.0,True,Turn
735,755,1,3,19,49.0,95.0,524.0,3.095768383153778,0.47439999999999927,5.0,120.0,24.0,False,Wait
736,755,1,3,20,25.0,75.0,411.0,3.7163582903585395,0.5739000000000001,4.0,90.0,22.5,False,Wait
737,755,1,3,24,58.0,98.0,449.0,3.534636912875284,0.46589999999999954,4.0,90.0,22.5,False,Wait
738,755,1,3,25,38.0,84.0,382.0,19.99286284353007,0.5289999999999999,5.0,90.0,18.0,True,Turn
739,755,1,4,1,44.0,454.0,535.0,3.8294149482506157,4.284299999999973,5.0,90.0,18.0,False,Wait
740,755,1,4,4,50.0,350.0,431.0,3.3738586346916777,3.087399999999999,4.0,90.0,22.5,False,Wait
741,755,1,4,10,59.0,98.0,437.0,18.046922676041472,0.4023000000000003,5.0,120.0,24.0,True,Turn
742,755,1,4,12,37.0,70.0,416.0,15.567119467770945,0.34060000000000024,5.0,120.0,24.0,True,Turn
743,755,1,4,13,40.0,71.0,398.0,20.937477175770802,0.31959999999999944,5.0,120.0,24.0,True,Turn
744,755,1,4,14,72.0,132.0,424.0,9.443685144537922,0.6702000000000012,4.0,120.0,30.0,True,Turn
745,755,1,4,15,39.0,87.0,385.0,49.430316058071234,0.4953000000000003,6.0,150.0,25.0,True,Turn
746,755,1,4,17,50.0,402.0,605.0,3.2087986686355596,3.625,6.0,90.0,15.0,False,Wait
747,755,1,4,18,47.0,68.0,375.0,13.203940941244,0.21679999999999922,4.0,150.0,37.5,True,Turn
748,755,1,4,19,43.0,92.0,420.0,26.26075329936287,0.5630000000000006,6.0,90.0,15.0,True,Turn
749,755,1,4,20,31.0,95.0,405.0,46.37904576762673,0.7117000000000004,6.0,150.0,25.0,True,Turn
750,755,1,4,22,12.0,129.0,398.0,3.35990313908846,1.264000000000003,4.0,150.0,37.5,False,Wait
751,755,1,4,23,20.0,82.0,395.0,34.981516352684885,0.6950000000000003,6.0,120.0,20.0,True,Turn
752,755,1,4,24,41.0,360.0,424.0,3.6290604107758857,3.2836999999999996,4.0,120.0,30.0,False,Wait
753,755,1,4,25,26.0,88.0,37.0,54.00135873826175,0.7001999999999988,5.0,150.0,30.0,True,Turn
754,755,2,5,1,15.0,87.0,486.0,3.4072344116473543,0.7405000000000115,5.0,90.0,18.0,False,Wait
755,755,2,5,4,76.0,121.0,435.0,6.728128907481045,0.46309999999999896,4.0,150.0,37.5,True,Turn
756,755,2,5,5,27.0,85.0,397.0,47.25467927524984,0.6512000000000011,6.0,150.0,25.0,True,Turn
757,755,2,5,6,44.0,78.0,386.0,6.815396432970953,0.3504999999999985,4.0,120.0,30.0,True,Turn
758,755,2,5,7,46.0,460.0,612.0,3.430206829253167,4.258800000000001,6.0,90.0,15.0,False,Wait
759,755,2,5,9,67.0,125.0,449.0,16.650630783079453,0.5981000000000005,5.0,120.0,24.0,True,Turn
760,755,2,5,10,61.0,131.0,539.0,3.478406936279214,0.7222999999999988,5.0,90.0,18.0,False,Wait
761,755,2,5,11,66.0,106.0,409.0,8.860350731957428,0.41270000000000095,4.0,120.0,30.0,True,Turn
762,755,2,5,13,77.0,152.0,429.0,37.993829506630036,0.8314999999999984,5.0,150.0,30.0,True,Turn
763,755,2,5,15,53.0,494.0,547.0,3.087025521255787,4.5883,5.0,90.0,18.0,False,Wait
764,755,2,5,16,55.0,92.0,420.0,44.0027879757574,0.38150000000000084,6.0,150.0,25.0,True,Turn
765,755,2,5,17,37.0,123.0,401.0,4.732378740661839,0.9357000000000006,4.0,120.0,30.0,False,Wait
766,755,2,5,18,46.0,514.0,616.0,3.5693764521602076,4.813200000000002,6.0,90.0,15.0,False,Wait
767,755,2,5,25,13.0,65.0,398.0,37.3126715040071,0.5365000000000002,6.0,150.0,25.0,True,Turn
768,755,2,6,1,31.0,106.0,396.0,7.7788729205031535,0.8220000000000027,4.0,150.0,37.5,True,Turn
769,755,2,6,3,14.0,49.0,392.0,3.3195284519010424,0.3611000000000004,4.0,150.0,37.5,False,Wait
770,755,2,6,6,50.0,338.0,427.0,3.439581723199386,2.9640000000000004,4.0,90.0,22.5,False,Wait
771,755,2,6,7,56.0,92.0,402.0,9.27725761835033,0.37150000000000105,4.0,150.0,37.5,True,Turn
772,755,2,6,8,24.0,217.0,603.0,3.1258331981440324,2.025499999999999,6.0,90.0,15.0,False,Wait
773,755,2,6,13,35.0,443.0,528.0,3.326903745020946,4.2517,5.0,90.0,18.0,False,Wait
774,755,2,6,15,32.0,78.0,374.0,50.587788852177255,0.4740000000000002,6.0,150.0,25.0,True,Turn
775,755,2,6,16,30.0,90.0,381.0,35.847094154056876,0.6691000000000003,5.0,150.0,30.0,True,Turn
776,755,2,6,18,54.0,120.0,412.0,46.97048022669171,0.6790000000000003,6.0,150.0,25.0,True,Turn
777,755,2,6,19,40.0,439.0,517.0,3.6366609647119383,4.105700000000001,5.0,90.0,18.0,False,Wait
778,755,2,6,21,40.0,84.0,439.0,17.49235363049487,0.45450000000000124,5.0,150.0,30.0,True,Turn
779,755,2,6,22,0.0,67.0,10.0,1.919503241130404,0.7437000000000005,4.0,120.0,30.0,False,Wait
780,755,2,6,23,51.0,405.0,530.0,3.4648490563860572,3.6426000000000016,5.0,90.0,18.0,False,Wait
781,755,2,6,25,49.0,104.0,60.0,53.90300033384566,0.6197999999999997,6.0,150.0,25.0,True,Turn
782,755,2,7,1,14.0,51.0,578.0,3.2504139645782493,0.3813000000000102,6.0,90.0,15.0,False,Wait
783,755,2,7,3,43.0,93.0,389.0,31.324549959072193,0.5157999999999987,5.0,150.0,30.0,True,Turn
784,755,2,7,4,61.0,107.0,414.0,53.715561668529006,0.5269999999999992,6.0,150.0,25.0,True,Turn
785,755,2,7,5,64.0,111.0,446.0,3.8520809352513283,0.4847999999999999,4.0,90.0,22.5,False,Wait
786,755,2,7,6,39.0,353.0,434.0,3.5170507718378845,3.2879000000000005,4.0,90.0,22.5,False,Wait
787,755,2,7,10,16.0,68.0,365.0,6.491281214531833,0.5366,4.0,120.0,30.0,True,Turn
788,755,2,7,12,66.0,600.0,643.0,3.265912526766398,5.492899999999999,6.0,90.0,15.0,False,Wait
789,755,2,7,13,86.0,133.0,420.0,11.624219844435965,0.4841999999999995,4.0,150.0,37.5,True,Turn
790,755,2,7,15,76.0,419.0,459.0,3.4857139960990207,3.531600000000001,4.0,90.0,22.5,False,Wait
791,755,2,7,16,27.0,523.0,603.0,3.6700614558254188,5.1051,6.0,120.0,20.0,False,Wait
792,755,2,7,17,38.0,455.0,530.0,3.2636631366248743,4.3445,5.0,90.0,18.0,False,Wait
793,755,2,7,18,34.0,99.0,395.0,21.26307037831246,0.6701999999999995,5.0,120.0,24.0,True,Turn
794,755,2,7,19,14.0,261.0,576.0,3.647957393312614,2.5433000000000003,6.0,90.0,15.0,False,Wait
795,755,2,7,20,31.0,136.0,508.0,3.533814613587572,1.081100000000001,5.0,120.0,24.0,False,Wait
796,755,2,7,25,0.0,437.0,495.0,3.2820139523383864,4.5519,5.0,90.0,18.0,False,Wait
797,755,2,8,1,32.0,72.0,393.0,19.836856623098647,0.4128000000000043,5.0,120.0,24.0,True,Turn
798,755,2,8,2,52.0,99.0,387.0,13.622996047976773,0.5370999999999988,4.0,120.0,30.0,True,Turn
799,755,2,8,8,30.0,81.0,368.0,35.5560340248169,0.5251999999999999,5.0,150.0,30.0,True,Turn
800,755,2,8,10,51.0,106.0,402.0,29.90877121076269,0.567400000000001,5.0,150.0,30.0,True,Turn
801,755,2,8,11,50.0,115.0,401.0,7.496595698740454,0.6702999999999992,4.0,150.0,37.5,True,Turn
802,755,2,8,12,31.0,70.0,361.0,9.415444694190743,0.40229999999999855,4.0,120.0,30.0,True,Turn
803,755,2,8,14,60.0,104.0,536.0,3.9215720049852547,0.4549000000000003,5.0,90.0,18.0,False,Wait
804,755,2,8,15,21.0,116.0,414.0,31.114814957136947,1.032,6.0,120.0,20.0,True,Turn
805,755,2,8,16,54.0,106.0,402.0,17.54823978153672,0.5364000000000004,5.0,90.0,18.0,True,Turn
806,755,2,8,18,59.0,108.0,399.0,51.483728856884284,0.5055999999999994,6.0,150.0,25.0,True,Turn
807,755,2,8,19,31.0,83.0,44.0,21.481907159436545,0.5907,6.0,90.0,15.0,True,Turn
808,755,2,8,20,48.0,111.0,405.0,9.529577902087583,0.7080000000000002,4.0,150.0,37.5,True,Turn
809,755,2,8,21,48.0,108.0,400.0,37.33068242646157,0.6182999999999979,6.0,120.0,20.0,True,Turn
810,755,2,8,25,40.0,359.0,435.0,3.259843973674675,3.3415999999999997,4.0,90.0,22.5,False,Wait
