condition,t,rt_corr_pdf
4.0,0.0,0.0
4.0,0.002,0.0
4.0,0.004,0.0
4.0,0.006,0.0
4.0,0.008,0.0
4.0,0.01,0.0
4.0,0.012,0.0
4.0,0.014,0.0
4.0,0.016,0.0
4.0,0.018000000000000002,0.0
4.0,0.02,0.0
4.0,0.022,0.0
4.0,0.024,0.0
4.0,0.026000000000000002,0.0
4.0,0.028,0.0
4.0,0.03,0.0
4.0,0.032,0.0
4.0,0.034,0.0
4.0,0.036000000000000004,0.0
4.0,0.038,0.0
4.0,0.04,0.0
4.0,0.042,0.0
4.0,0.044,0.0
4.0,0.046,0.0
4.0,0.048,0.0
4.0,0.05,0.0
4.0,0.052000000000000005,0.0
4.0,0.054,0.0
4.0,0.056,0.0
4.0,0.058,0.0
4.0,0.06,0.0
4.0,0.062,0.0
4.0,0.064,0.0
4.0,0.066,0.0
4.0,0.068,0.0
4.0,0.07,0.0
4.0,0.07200000000000001,0.0
4.0,0.074,0.0
4.0,0.076,0.0
4.0,0.078,0.0
4.0,0.08,0.0
4.0,0.082,0.0
4.0,0.084,0.0
4.0,0.08600000000000001,0.0
4.0,0.088,0.0
4.0,0.09,0.0
4.0,0.092,0.0
4.0,0.094,0.0
4.0,0.096,0.0
4.0,0.098,0.0
4.0,0.1,0.0
4.0,0.10200000000000001,0.0
4.0,0.10400000000000001,0.0
4.0,0.106,0.0
4.0,0.108,0.0
4.0,0.11,0.0
4.0,0.112,0.0
4.0,0.114,0.0
4.0,0.116,0.0
4.0,0.11800000000000001,0.0
4.0,0.12,0.0
4.0,0.122,0.0
4.0,0.124,0.0
4.0,0.126,0.0
4.0,0.128,0.0
4.0,0.13,0.0
4.0,0.132,4.5111744691542585e-05
4.0,0.134,0.0003064510616486174
4.0,0.136,0.0011285476266761237
4.0,0.138,0.0029998787453190197
4.0,0.14,0.006464157609708722
4.0,0.14200000000000002,0.01201976445207791
4.0,0.14400000000000002,0.02004530317784568
4.0,0.146,0.030765146719244553
4.0,0.148,0.044250021176225354
4.0,0.15,0.06043981090152456
4.0,0.152,0.07917594705309629
4.0,0.154,0.10023440591896322
4.0,0.156,0.12335437198790758
4.0,0.158,0.1482606709248003
4.0,0.16,0.17467992795058834
4.0,0.162,0.2023513088118931
4.0,0.164,0.2310329967951201
4.0,0.166,0.2605055300258812
4.0,0.168,0.29057295271132016
4.0,0.17,0.32106252627861825
4.0,0.17200000000000001,0.3518235522693342
4.0,0.17400000000000002,0.38272569785649085
4.0,0.176,0.4136732236784713
4.0,0.178,0.44459315335483723
4.0,0.18,0.4753999091717309
4.0,0.182,0.5060172432033895
4.0,0.184,0.5363833409930621
4.0,0.186,0.5664474208476914
4.0,0.188,0.5961678013290337
4.0,0.19,0.6255104720602385
4.0,0.192,0.6544479363828565
4.0,0.194,0.6829582416532926
4.0,0.196,0.7110241555041166
4.0,0.198,0.7386324620992962
4.0,0.2,0.7657733595469848
4.0,0.202,0.7924399435663941
4.0,0.20400000000000001,0.8186277650685299
4.0,0.20600000000000002,0.8443344512007714
4.0,0.20800000000000002,0.8695593809118113
4.0,0.21,0.8943034073473498
4.0,0.212,0.918568620454028
4.0,0.214,0.9423581440866902
4.0,0.216,0.9656759627066345
4.0,0.218,0.9885267734439019
4.0,0.22,1.010934983437986
4.0,0.222,1.032914034254807
4.0,0.224,1.0544641068710128
4.0,0.226,1.0755862205735354
4.0,0.228,1.0962837227937678
4.0,0.23,1.116561109607903
4.0,0.232,1.1364235720761917
4.0,0.234,1.1558767635932943
4.0,0.23600000000000002,1.1749266593526986
4.0,0.23800000000000002,1.1935794622466096
4.0,0.24,1.211841535436644
4.0,0.242,1.229719351769117
4.0,0.244,1.2472194546108553
4.0,0.246,1.2643484268540879
4.0,0.248,1.2811128660071964
4.0,0.25,1.2975193639621432
4.0,0.252,1.313574490442013
4.0,0.254,1.3292847793978324
4.0,0.256,1.3446567178025275
4.0,0.258,1.3596967364146855
4.0,0.26,1.3744112021748018
4.0,0.262,1.3888064119634684
4.0,0.264,1.4029025493163416
4.0,0.266,1.4167084630956612
4.0,0.268,1.4302259991037847
4.0,0.27,1.4434579519123962
4.0,0.272,1.4564081950986771
4.0,0.274,1.469081075058967
4.0,0.276,1.4814811802743943
4.0,0.278,1.493613228727031
4.0,0.28,1.5054820044896415
4.0,0.28200000000000003,1.517092318477951
4.0,0.28400000000000003,1.528448982491172
4.0,0.28600000000000003,1.5395567911896701
4.0,0.28800000000000003,1.550420509125278
4.0,0.29,1.5610448611558283
4.0,0.292,1.571434525222714
4.0,0.294,1.5815941268365497
4.0,0.296,1.5915282348339213
4.0,0.298,1.6012413581034872
4.0,0.3,1.6107379430667033
4.0,0.302,1.6200223717562396
4.0,0.304,1.629098960374632
4.0,0.306,1.6379719582433663
4.0,0.308,1.646653588879811
4.0,0.31,1.6551501532363182
4.0,0.312,1.6634632215967282
4.0,0.314,1.671594753323917
4.0,0.316,1.6795473936610197
4.0,0.318,1.6873240768817663
4.0,0.32,1.6949278789410414
4.0,0.322,1.702361946765924
4.0,0.324,1.7096294589749341
4.0,0.326,1.7167336018744601
4.0,0.328,1.7236775537817786
4.0,0.33,1.7304644742812412
4.0,0.332,1.7370974965966701
4.0,0.334,1.7435797220354725
4.0,0.336,1.7499142158689476
4.0,0.338,1.7561040042435692
4.0,0.34,1.7621520718543937
4.0,0.342,1.7680613601959938
4.0,0.34400000000000003,1.7738347662602474
4.0,0.34600000000000003,1.779475141585965
4.0,0.34800000000000003,1.7849852915895728
4.0,0.35000000000000003,1.7903679751229722
4.0,0.352,1.7956293481003718
4.0,0.354,1.8007748511203951
4.0,0.356,1.8058059214822944
4.0,0.358,1.8107237392804636
4.0,0.36,1.8155299972288805
4.0,0.362,1.8202265899245635
4.0,0.364,1.8248155065795788
4.0,0.366,1.8292987817279214
4.0,0.368,1.833678468622129
4.0,0.37,1.8379566233177593
4.0,0.372,1.8421352944525213
4.0,0.374,1.846216516341786
4.0,0.376,1.8502023041408655
4.0,0.378,1.8540946503663314
4.0,0.38,1.8578955223509255
4.0,0.382,1.861606860363464
4.0,0.384,1.8652305762170187
4.0,0.386,1.8687685522448614
4.0,0.388,1.8722226405593771
4.0,0.39,1.8755946625325948
4.0,0.392,1.8788864084528147
4.0,0.394,1.8820996373228267
4.0,0.396,1.885236605800842
4.0,0.398,1.8883022205140745
4.0,0.4,1.891297791753235
4.0,0.402,1.8942239413005255
4.0,0.404,1.8970817037646184
4.0,0.406,1.8998722654408193
4.0,0.40800000000000003,1.902596880786032
4.0,0.41000000000000003,1.905256835952947
4.0,0.41200000000000003,1.9078534298149288
4.0,0.41400000000000003,1.9103879629229747
4.0,0.41600000000000004,1.9128617305679718
4.0,0.418,1.9152760181793844
4.0,0.42,1.9176320981530228
4.0,0.422,1.919931227604043
4.0,0.424,1.9221746467472343
4.0,0.426,1.9243635777191144
4.0,0.428,1.9264992237212477
4.0,0.43,1.9285827684034156
4.0,0.432,1.9306153754298843
4.0,0.434,1.9325981881880392
4.0,0.436,1.9345323296093648
4.0,0.438,1.9364189020801517
4.0,0.44,1.9382589874245417
4.0,0.442,1.9400548720754676
4.0,0.444,1.9418084659671222
4.0,0.446,1.9435203729736534
4.0,0.448,1.9451911291682322
4.0,0.45,1.9468214351837683
4.0,0.452,1.9484120546344827
4.0,0.454,1.9499637787887403
4.0,0.456,1.9514774102833405
4.0,0.458,1.952953754334587
4.0,0.46,1.9543936134959845
4.0,0.462,1.9557977843119143
4.0,0.464,1.9571670550783835
4.0,0.466,1.958502204295227
4.0,0.468,1.9598039995737901
4.0,0.47000000000000003,1.9610731968579418
4.0,0.47200000000000003,1.9623105398684568
4.0,0.47400000000000003,1.9635167597114171
4.0,0.47600000000000003,1.9646925746100399
4.0,0.47800000000000004,1.9658386897312776
4.0,0.48,1.9669557970863667
4.0,0.482,1.9680445754898523
4.0,0.484,1.9691056905652975
4.0,0.486,1.9701397947885568
4.0,0.488,1.9711484922720537
4.0,0.49,1.972132601087263
4.0,0.492,1.9730924387704656
4.0,0.494,1.974028380281471
4.0,0.496,1.9749408705283966
4.0,0.498,1.9758303818974279
4.0,0.5,1.976697398221361
4.0,0.502,1.9775424070444032
4.0,0.504,1.9783658953327592
4.0,0.506,1.9791683468745385
4.0,0.508,1.979950240606098
4.0,0.51,1.9807120494898318
4.0,0.512,1.981454239741583
4.0,0.514,1.9821772702911553
4.0,0.516,1.9828815924047232
4.0,0.518,1.9835676494235348
4.0,0.52,1.9842358765885109
4.0,0.522,1.984886700929726
4.0,0.524,1.985520541205818
4.0,0.526,1.986137807882378
4.0,0.528,1.986738903141106
4.0,0.53,1.9873242209134678
4.0,0.532,1.9878941469339615
4.0,0.534,1.9884496060337529
4.0,0.536,1.9889910518558236
4.0,0.538,1.9895186792362798
4.0,0.54,1.9900327202035544
4.0,0.542,1.9905334428859462
4.0,0.544,1.991021129248175
4.0,0.546,1.991496066578479
4.0,0.548,1.9919585433588272
4.0,0.55,1.9924088469719194
4.0,0.552,1.9928472623138553
4.0,0.554,1.9932740709054608
4.0,0.556,1.9936895503013208
4.0,0.558,1.9940939736879735
4.0,0.56,1.9944876096084416
4.0,0.562,1.9948707217745827
4.0,0.5640000000000001,1.9952435689425616
4.0,0.5660000000000001,1.9956064048349076
4.0,0.5680000000000001,1.9959594780977188
4.0,0.5700000000000001,1.9963030322848418
4.0,0.5720000000000001,1.996637305863032
4.0,0.5740000000000001,1.996962532233596
4.0,0.5760000000000001,1.997278939767069
4.0,0.578,1.9975867518482493
4.0,0.58,1.9978864153095184
4.0,0.582,1.9981782562920292
4.0,0.584,1.9984624080771685
4.0,0.586,1.998739001340898
4.0,0.588,1.999008190407121
4.0,0.59,1.999270138043131
4.0,0.592,1.9995250100562072
4.0,0.594,1.9997729727793343
4.0,0.596,2.0000141917134067
4.0,0.598,2.000248830722937
4.0,0.6,2.0004770515302193
4.0,0.602,2.0006990133849216
4.0,0.604,2.000914872843805
4.0,0.606,2.00112478362328
4.0,0.608,2.0013288965021627
4.0,0.61,2.0015273592602614
4.0,0.612,2.001720316643215
4.0,0.614,2.001907910347004
4.0,0.616,2.002090279017464
4.0,0.618,2.0022675582613605
4.0,0.62,2.002439880666496
4.0,0.622,2.00260737582887
4.0,0.624,2.0027701703853977
4.0,0.626,2.002928432432156
4.0,0.628,2.003082420177536
4.0,0.63,2.003187116967029
4.0,0.632,2.003071474412863
4.0,0.634,2.0023910479352893
4.0,0.636,2.00065745121216
4.0,0.638,1.9973270641074747
4.0,0.64,1.9919015998448881
4.0,0.642,1.984002547507696
4.0,0.644,1.9734056261874469
4.0,0.646,1.9600402005378557
4.0,0.648,1.9439664754948607
4.0,0.65,1.9253431075971452
4.0,0.652,1.9043942065783133
4.0,0.654,1.8813806722431825
4.0,0.656,1.856577761460531
4.0,0.658,1.8302589297664726
4.0,0.66,1.8026850903895568
4.0,0.662,1.774098137239907
4.0,0.664,1.7447176076195805
4.0,0.666,1.7147395309950595
4.0,0.668,1.6843367178774682
4.0,0.67,1.6536599369499774
4.0,0.672,1.6228395895748104
4.0,0.674,1.5919715389854427
4.0,0.676,1.5611288589108612
4.0,0.678,1.5303971713370148
4.0,0.68,1.4998527665818158
4.0,0.682,1.469557507581452
4.0,0.684,1.4395622264866696
4.0,0.686,1.4099086557279157
4.0,0.6880000000000001,1.3806308565439842
4.0,0.6900000000000001,1.351756375970432
4.0,0.6920000000000001,1.323307216336502
4.0,0.6940000000000001,1.2953006588767682
4.0,0.6960000000000001,1.267749967395537
4.0,0.6980000000000001,1.2406649908029401
4.0,0.7000000000000001,1.214052679416232
4.0,0.7020000000000001,1.1879175273604925
4.0,0.704,1.1622619515148902
4.0,0.706,1.1370866159454531
4.0,0.708,1.1123907095121708
4.0,0.71,1.0881721832716948
4.0,0.712,1.0644279533796284
4.0,0.714,1.0411540744040533
4.0,0.716,1.0183458872767253
4.0,0.718,0.9959790219671469
4.0,0.72,0.9740400730813569
4.0,0.722,0.9525289286484191
4.0,0.724,0.9314446129716845
4.0,0.726,0.910783801300281
4.0,0.728,0.8905420212871717
4.0,0.73,0.8707141080321522
4.0,0.732,0.8512944350382319
4.0,0.734,0.8322770541253849
4.0,0.736,0.8136557892379729
4.0,0.738,0.7954243037164935
4.0,0.74,0.7775761507905223
4.0,0.742,0.7601048126870211
4.0,0.744,0.7430037315908523
4.0,0.746,0.7262663345328679
4.0,0.748,0.70988605361024
4.0,0.75,0.6938563425328178
4.0,0.752,0.6781706902245819
4.0,0.754,0.6628226320311316
4.0,0.756,0.6478057589597211
4.0,0.758,0.6331137252885684
4.0,0.76,0.6187402548155426
4.0,0.762,0.60466518415107
4.0,0.764,0.5908796840552382
4.0,0.766,0.5773819278334373
4.0,0.768,0.5641691395167329
4.0,0.77,0.5512374770839674
4.0,0.772,0.5385826187720961
4.0,0.774,0.5261999886645774
4.0,0.776,0.5140848809390342
4.0,0.778,0.5022325249718107
4.0,0.78,0.49063812365728754
4.0,0.782,0.47929687904086776
4.0,0.784,0.4682040101917713
4.0,0.786,0.45735476609391473
4.0,0.788,0.4467444351863949
4.0,0.79,0.4363683525591688
4.0,0.792,0.42622190545133315
4.0,0.794,0.4163005374850109
4.0,0.796,0.40659975193430276
4.0,0.798,0.39711511424263163
4.0,0.8,0.38784225394452604
4.0,0.802,0.37877686610870837
4.0,0.804,0.36991471239186985
4.0,0.806,0.36124357996543294
4.0,0.808,0.3527571782807599
4.0,0.81,0.3444539471774105
4.0,0.812,0.33633193714069587
4.0,0.8140000000000001,0.3283885125057902
4.0,0.8160000000000001,0.32062074831290105
4.0,0.8180000000000001,0.31302558008354264
4.0,0.8200000000000001,0.305599876858581
4.0,0.8220000000000001,0.29834046728064284
4.0,0.8240000000000001,0.29124417080620507
4.0,0.8260000000000001,0.2843078157257113
4.0,0.8280000000000001,0.27752824929106873
4.0,0.8300000000000001,0.27090234514430256
4.0,0.8320000000000001,0.2644270087872288
4.0,0.834,0.25809918165747187
4.0,0.836,0.25191584419303065
4.0,0.838,0.2458740181449089
4.0,0.84,0.23997076831806255
4.0,0.842,0.23419736225380897
4.0,0.844,0.22855698692809132
4.0,0.846,0.2230468369244838
4.0,0.848,0.2176641533910843
4.0,0.85,0.21240278041368474
4.0,0.852,0.20725727739366115
4.0,0.854,0.20222620703176192
4.0,0.856,0.19730838923359295
4.0,0.858,0.19250213128517582
4.0,0.86,0.1878055385894931
4.0,0.862,0.18321662193447774
4.0,0.864,0.17873334678613517
4.0,0.866,0.17435365989192744
4.0,0.868,0.1700755051962973
4.0,0.87,0.16589683406153546
4.0,0.872,0.16181561217227053
4.0,0.874,0.15782982437319087
4.0,0.876,0.15393747814772477
4.0,0.878,0.1501366061631309
4.0,0.88,0.14642526815059212
4.0,0.882,0.14280155229703698
4.0,0.884,0.1392635762691943
4.0,0.886,0.13580948795467845
4.0,0.888,0.13243746598146083
4.0,0.89,0.12914572006124114
4.0,0.892,0.12593249119122923
4.0,0.894,0.12279552271321388
4.0,0.896,0.11972990799998137
4.0,0.898,0.11673433676082058
4.0,0.9,0.11380818721352988
4.0,0.902,0.11095042474943724
4.0,0.904,0.1081598630732365
4.0,0.906,0.1054352477280235
4.0,0.908,0.1027752925611087
4.0,0.91,0.10017869869912689
4.0,0.912,0.09764416559108101
4.0,0.914,0.09517039794608384
4.0,0.916,0.09275611033467132
4.0,0.918,0.09040003036103297
4.0,0.92,0.08810090091001271
4.0,0.922,0.0858574817668212
4.0,0.924,0.08366855079494107
4.0,0.926,0.08153290479280756
4.0,0.928,0.07944936011064
4.0,0.93,0.07741675308417126
4.0,0.932,0.07543394032601608
4.0,0.934,0.07349979890469059
4.0,0.936,0.07161322643390398
4.0,0.9380000000000001,0.06977314108951359
4.0,0.9400000000000001,0.06797725643858822
4.0,0.9420000000000001,0.06622366254693321
4.0,0.9440000000000001,0.06451175554040231
4.0,0.9460000000000001,0.06284099934582306
4.0,0.9480000000000001,0.061210693330287225
4.0,0.9500000000000001,0.05962007387957285
4.0,0.9520000000000001,0.05806834972531526
4.0,0.9540000000000001,0.05655471823071508
4.0,0.9560000000000001,0.05507837417946882
4.0,0.9580000000000001,0.05363851501807084
4.0,0.96,0.052234344202141354
4.0,0.962,0.05086507343567193
4.0,0.964,0.04952992421882843
4.0,0.966,0.04822812894026559
4.0,0.968,0.046958931656114
4.0,0.97,0.04572158864559898
4.0,0.972,0.04451536880263888
4.0,0.974,0.04333955390401572
4.0,0.976,0.042193438782778356
4.0,0.978,0.04107633142768922
4.0,0.98,0.039987553024203315
4.0,0.982,0.038926437948758164
4.0,0.984,0.03789233372549905
4.0,0.986,0.03688363624200244
4.0,0.988,0.03589952742679272
4.0,0.99,0.03493968974359025
4.0,0.992,0.03400374823258471
4.0,0.994,0.03309125798565943
4.0,0.996,0.03220174661662796
4.0,0.998,0.03133473029269512
4.0,1.0,0.030489721469652366
4.0,1.002,0.02966623318129655
4.0,1.004,0.028863781639517496
4.0,1.006,0.028081887907957792
4.0,1.008,0.02732007902422405
4.0,1.01,0.026577888772472823
4.0,1.012,0.025854858222900134
4.0,1.014,0.0251505361093326
4.0,1.016,0.024464479090521133
4.0,1.018,0.023796251925545315
4.0,1.02,0.023145427584330493
4.0,1.022,0.022511587308238004
4.0,1.024,0.021894320631677913
4.0,1.026,0.021293225372949916
4.0,1.028,0.020707907600588285
4.0,1.03,0.02013798158009428
4.0,1.032,0.019582522480303236
4.0,1.034,0.019041076658232424
4.0,1.036,0.018513449277775963
4.0,1.038,0.01799940831050163
4.0,1.04,0.01749868562810996
4.0,1.042,0.017010999265880865
4.0,1.044,0.01653606193557701
4.0,1.046,0.016073585155228966
4.0,1.048,0.015623281542136653
4.0,1.05,0.015184866200200844
4.0,1.052,0.014758057608595037
4.0,1.054,0.014342578212735504
4.0,1.056,0.013938154826082336
4.0,1.058,0.013544518905614367
4.0,1.06,0.01316140673947329
4.0,1.062,0.012788559571494378
4.0,1.064,0.012425723679148366
4.0,1.066,0.01207265041633712
4.0,1.068,0.011729096229214189
4.0,1.07,0.011394822651024119
4.0,1.072,0.01106959628046029
4.0,1.074,0.010753188746986846
4.0,1.076,0.010445376665807027
4.0,1.078,0.010145713204537617
4.0,1.08,0.009853872222026371
4.0,1.082,0.009569720436887657
4.0,1.084,0.00929312717315792
4.0,1.086,0.00902393810693494
4.0,1.088,0.008761990470924854
4.0,1.09,0.008507118457848769
4.0,1.092,0.00825915573472156
4.0,1.094,0.008017936800649104
4.0,1.096,0.007783297791118772
4.0,1.098,0.007555076983836425
4.0,1.1,0.007333115129134838
4.0,1.102,0.007117255670250858
4.0,1.104,0.006907344890776189
4.0,1.106,0.0067032320118934705
4.0,1.108,0.0065047692537946
4.0,1.11,0.0063118118708413214
4.0,1.112,0.006124218167051675
4.0,1.114,0.00594184949659222
4.0,1.116,0.005764570252695402
4.0,1.118,0.005592247847559909
4.0,1.12,0.005424752685185758
4.0,1.122,0.00526195812865816
4.0,1.124,0.005103696081899977
4.0,1.1260000000000001,0.004949708336520032
4.0,1.1280000000000001,0.00479989980233601
4.0,1.1300000000000001,0.004654203039544578
4.0,1.1320000000000001,0.0045125329520910125
4.0,1.1340000000000001,0.004374798556577105
4.0,1.1360000000000001,0.004240906796872606
4.0,1.1380000000000001,0.00411076421709036
4.0,1.1400000000000001,0.003984277828514854
4.0,1.1420000000000001,0.003861355607364915
4.0,1.1440000000000001,0.0037419067999757
4.0,1.1460000000000001,0.003625842117671245
4.0,1.1480000000000001,0.0035130738638150753
4.0,1.1500000000000001,0.0034035160167800666
4.0,1.1520000000000001,0.003297084282966261
4.0,1.154,0.003193696128725019
4.0,1.156,0.003093270796995369
4.0,1.158,0.002995729312606373
4.0,1.16,0.0029009944790290734
4.0,1.162,0.0028089908685947212
4.0,1.164,0.0027196448076765604
4.0,1.166,0.002632884357969844
4.0,1.168,0.002548639294744648
4.0,1.17,0.0024668410827548685
4.0,1.172,0.0023873658501424406
4.0,1.174,0.0023101162483578756
4.0,1.176,0.0022350480053105037
4.0,1.178,0.002162118728851094
4.0,1.18,0.0020912799395423703
4.0,1.182,0.002022481179695301
4.0,1.184,0.001955671457106926
4.0,1.186,0.00189079990983355
4.0,1.188,0.0018278161607679154
4.0,1.19,0.001766670524261989
4.0,1.192,0.0017073141331717728
4.0,1.194,0.0016496990192230879
4.0,1.196,0.0015937781641317107
4.0,1.198,0.001539505531430162
4.0,1.2,0.0014868360850343104
4.0,1.202,0.0014357257983949572
4.0,1.204,0.0013861316567919902
4.0,1.206,0.0013380116545359314
4.0,1.208,0.0012913247883337366
4.0,1.21,0.0012460310477382527
4.0,1.212,0.0012020914033691642
4.0,1.214,0.0011594677934295844
4.0,1.216,0.0011181231089237111
4.0,1.218,0.001078021177892876
4.0,1.22,0.0010390929946251023
4.0,1.222,0.001001294968837021
4.0,1.224,0.0009646044200079433
4.0,1.226,0.0009289976189821726
4.0,1.228,0.0008944484057130212
4.0,1.23,0.0008609298825307824
4.0,1.232,0.0008284150359731536
4.0,1.234,0.0007968770294742813
4.0,1.236,0.0007662893609192565
4.0,1.238,0.0007366259544174898
4.0,1.24,0.0007078612161801481
4.0,1.242,0.000679970069116507
4.0,1.244,0.0006529279739922134
4.0,1.246,0.0006267109416736663
4.0,1.248,0.0006012955392259749
4.0,1.25,0.0005766588916425932
4.0,1.252,0.0005527786803979233
4.0,1.254,0.0005296331396501443
4.0,1.256,0.0005072010506864884
4.0,1.258,0.00048546173504587873
4.0,1.26,0.0004643950466450922
4.0,1.262,0.00044398136315722237
4.0,1.264,0.0004242015768347711
4.0,1.266,0.0004050370849276081
4.0,1.268,0.0003864563314124583
4.0,1.27,0.0003684346829935319
4.0,1.272,0.000350959575084712
4.0,1.274,0.0003340188479914194
4.0,1.276,0.0003175990526042716
4.0,1.278,0.00030168637881804547
4.0,1.28,0.000286266982016955
4.0,1.282,0.0002713271326150632
4.0,1.284,0.00025685329486366135
4.0,1.286,0.00024283217183352374
4.0,1.288,0.00022925073217392093
4.0,1.29,0.00021609622617404874
4.0,1.292,0.00020335619512442242
4.0,1.294,0.00019101847626645408
4.0,1.296,0.00017907120472170022
4.0,1.298,0.00016750281329079223
4.0,1.3,0.0001563020307162204
4.0,1.302,0.00014545787882032973
4.0,1.304,0.00013495966881217164
4.0,1.306,0.00012479699697820154
4.0,1.308,0.00011495973991749656
4.0,1.31,0.00010543804944355242
4.0,1.312,9.622234724657351e-05
4.0,1.314,8.730331938922201e-05
4.0,1.316,7.866948947245942e-05
4.0,1.318,7.030488955180244e-05
4.0,1.32,6.22022584797041e-05
4.0,1.322,5.435583339140044e-05
4.0,1.324,4.675900656671129e-05
4.0,1.326,3.940494174676138e-05
4.0,1.328,3.2286773083822655e-05
4.0,1.33,2.5397691355306745e-05
4.0,1.332,1.8730987637090348e-05
4.0,1.334,1.2280077456894744e-05
4.0,1.336,6.038514753997882e-06
4.0,1.338,0.0
4.0,1.34,0.0
4.0,1.342,0.0
4.0,1.344,0.0
4.0,1.346,0.0
4.0,1.348,0.0
4.0,1.35,0.0
4.0,1.352,0.0
4.0,1.354,0.0
4.0,1.356,0.0
4.0,1.358,0.0
4.0,1.36,0.0
4.0,1.362,0.0
4.0,1.364,0.0
4.0,1.366,0.0
4.0,1.368,0.0
4.0,1.37,0.0
4.0,1.372,0.0
4.0,1.374,0.0
4.0,1.3760000000000001,0.0
4.0,1.3780000000000001,0.0
4.0,1.3800000000000001,0.0
4.0,1.3820000000000001,0.0
4.0,1.3840000000000001,0.0
4.0,1.3860000000000001,0.0
4.0,1.3880000000000001,0.0
4.0,1.3900000000000001,0.0
4.0,1.3920000000000001,0.0
4.0,1.3940000000000001,0.0
4.0,1.3960000000000001,0.0
4.0,1.3980000000000001,0.0
4.0,1.4000000000000001,0.0
4.0,1.4020000000000001,0.0
4.0,1.4040000000000001,0.0
4.0,1.4060000000000001,0.0
4.0,1.408,0.0
4.0,1.41,0.0
4.0,1.412,0.0
4.0,1.414,0.0
4.0,1.416,0.0
4.0,1.418,0.0
4.0,1.42,0.0
4.0,1.422,0.0
4.0,1.424,0.0
4.0,1.426,0.0
4.0,1.428,0.0
4.0,1.43,0.0
4.0,1.432,0.0
4.0,1.434,0.0
4.0,1.436,0.0
4.0,1.438,0.0
4.0,1.44,0.0
4.0,1.442,0.0
4.0,1.444,0.0
4.0,1.446,0.0
4.0,1.448,0.0
4.0,1.45,0.0
4.0,1.452,0.0
4.0,1.454,0.0
4.0,1.456,0.0
4.0,1.458,0.0
4.0,1.46,0.0
4.0,1.462,0.0
4.0,1.464,0.0
4.0,1.466,0.0
4.0,1.468,0.0
4.0,1.47,0.0
4.0,1.472,0.0
4.0,1.474,0.0
4.0,1.476,0.0
4.0,1.478,0.0
4.0,1.48,0.0
4.0,1.482,0.0
4.0,1.484,0.0
4.0,1.486,0.0
4.0,1.488,0.0
4.0,1.49,0.0
4.0,1.492,0.0
4.0,1.494,0.0
4.0,1.496,0.0
4.0,1.498,0.0
4.0,1.5,0.0
4.0,1.502,0.0
4.0,1.504,0.0
4.0,1.506,0.0
4.0,1.508,0.0
4.0,1.51,0.0
4.0,1.512,0.0
4.0,1.514,0.0
4.0,1.516,0.0
4.0,1.518,0.0
4.0,1.52,0.0
4.0,1.522,0.0
4.0,1.524,0.0
4.0,1.526,0.0
4.0,1.528,0.0
4.0,1.53,0.0
4.0,1.532,0.0
4.0,1.534,0.0
4.0,1.536,0.0
4.0,1.538,0.0
4.0,1.54,0.0
4.0,1.542,0.0
4.0,1.544,0.0
4.0,1.546,0.0
4.0,1.548,0.0
4.0,1.55,0.0
4.0,1.552,0.0
4.0,1.554,0.0
4.0,1.556,0.0
4.0,1.558,0.0
4.0,1.56,0.0
4.0,1.562,0.0
4.0,1.564,0.0
4.0,1.566,0.0
4.0,1.568,0.0
4.0,1.57,0.0
4.0,1.572,0.0
4.0,1.574,0.0
4.0,1.576,0.0
4.0,1.578,0.0
4.0,1.58,0.0
4.0,1.582,0.0
4.0,1.584,0.0
4.0,1.586,0.0
4.0,1.588,0.0
4.0,1.59,0.0
4.0,1.592,0.0
4.0,1.594,0.0
4.0,1.596,0.0
4.0,1.598,0.0
4.0,1.6,0.0
4.0,1.602,0.0
4.0,1.604,0.0
4.0,1.606,0.0
4.0,1.608,0.0
4.0,1.61,0.0
4.0,1.612,0.0
4.0,1.614,0.0
4.0,1.616,0.0
4.0,1.618,0.0
4.0,1.62,0.0
4.0,1.622,0.0
4.0,1.624,0.0
4.0,1.6260000000000001,0.0
4.0,1.6280000000000001,0.0
4.0,1.6300000000000001,0.0
4.0,1.6320000000000001,0.0
4.0,1.6340000000000001,0.0
4.0,1.6360000000000001,0.0
4.0,1.6380000000000001,0.0
4.0,1.6400000000000001,0.0
4.0,1.6420000000000001,0.0
4.0,1.6440000000000001,0.0
4.0,1.6460000000000001,0.0
4.0,1.6480000000000001,0.0
4.0,1.6500000000000001,0.0
4.0,1.6520000000000001,0.0
4.0,1.6540000000000001,0.0
4.0,1.6560000000000001,0.0
4.0,1.6580000000000001,0.0
4.0,1.6600000000000001,0.0
4.0,1.6620000000000001,0.0
4.0,1.6640000000000001,0.0
4.0,1.666,0.0
4.0,1.668,0.0
4.0,1.67,0.0
4.0,1.672,0.0
4.0,1.674,0.0
4.0,1.676,0.0
4.0,1.678,0.0
4.0,1.68,0.0
4.0,1.682,0.0
4.0,1.684,0.0
4.0,1.686,0.0
4.0,1.688,0.0
4.0,1.69,0.0
4.0,1.692,0.0
4.0,1.694,0.0
4.0,1.696,0.0
4.0,1.698,0.0
4.0,1.7,0.0
4.0,1.702,0.0
4.0,1.704,0.0
4.0,1.706,0.0
4.0,1.708,0.0
4.0,1.71,0.0
4.0,1.712,0.0
4.0,1.714,0.0
4.0,1.716,0.0
4.0,1.718,0.0
4.0,1.72,0.0
4.0,1.722,0.0
4.0,1.724,0.0
4.0,1.726,0.0
4.0,1.728,0.0
4.0,1.73,0.0
4.0,1.732,0.0
4.0,1.734,0.0
4.0,1.736,0.0
4.0,1.738,0.0
4.0,1.74,0.0
4.0,1.742,0.0
4.0,1.744,0.0
4.0,1.746,0.0
4.0,1.748,0.0
4.0,1.75,0.0
4.0,1.752,0.0
4.0,1.754,0.0
4.0,1.756,0.0
4.0,1.758,0.0
4.0,1.76,0.0
4.0,1.762,0.0
4.0,1.764,0.0
4.0,1.766,0.0
4.0,1.768,0.0
4.0,1.77,0.0
4.0,1.772,0.0
4.0,1.774,0.0
4.0,1.776,0.0
4.0,1.778,0.0
4.0,1.78,0.0
4.0,1.782,0.0
4.0,1.784,0.0
4.0,1.786,0.0
4.0,1.788,0.0
4.0,1.79,0.0
4.0,1.792,0.0
4.0,1.794,0.0
4.0,1.796,0.0
4.0,1.798,0.0
4.0,1.8,0.0
4.0,1.802,0.0
4.0,1.804,0.0
4.0,1.806,0.0
4.0,1.808,0.0
4.0,1.81,0.0
4.0,1.812,0.0
4.0,1.814,0.0
4.0,1.816,0.0
4.0,1.818,0.0
4.0,1.82,0.0
4.0,1.822,0.0
4.0,1.824,0.0
4.0,1.826,0.0
4.0,1.828,0.0
4.0,1.83,0.0
4.0,1.832,0.0
4.0,1.834,0.0
4.0,1.836,0.0
4.0,1.838,0.0
4.0,1.84,0.0
4.0,1.842,0.0
4.0,1.844,0.0
4.0,1.846,0.0
4.0,1.848,0.0
4.0,1.85,0.0
4.0,1.852,0.0
4.0,1.854,0.0
4.0,1.856,0.0
4.0,1.858,0.0
4.0,1.86,0.0
4.0,1.862,0.0
4.0,1.864,0.0
4.0,1.866,0.0
4.0,1.868,0.0
4.0,1.87,0.0
4.0,1.872,0.0
4.0,1.874,0.0
4.0,1.8760000000000001,0.0
4.0,1.8780000000000001,0.0
4.0,1.8800000000000001,0.0
4.0,1.8820000000000001,0.0
4.0,1.8840000000000001,0.0
4.0,1.8860000000000001,0.0
4.0,1.8880000000000001,0.0
4.0,1.8900000000000001,0.0
4.0,1.8920000000000001,0.0
4.0,1.8940000000000001,0.0
4.0,1.8960000000000001,0.0
4.0,1.8980000000000001,0.0
4.0,1.9000000000000001,0.0
4.0,1.9020000000000001,0.0
4.0,1.9040000000000001,0.0
4.0,1.9060000000000001,0.0
4.0,1.9080000000000001,0.0
4.0,1.9100000000000001,0.0
4.0,1.9120000000000001,0.0
4.0,1.9140000000000001,0.0
4.0,1.9160000000000001,0.0
4.0,1.9180000000000001,0.0
4.0,1.92,0.0
4.0,1.922,0.0
4.0,1.924,0.0
4.0,1.926,0.0
4.0,1.928,0.0
4.0,1.93,0.0
4.0,1.932,0.0
4.0,1.934,0.0
4.0,1.936,0.0
4.0,1.938,0.0
4.0,1.94,0.0
4.0,1.942,0.0
4.0,1.944,0.0
4.0,1.946,0.0
4.0,1.948,0.0
4.0,1.95,0.0
4.0,1.952,0.0
4.0,1.954,0.0
4.0,1.956,0.0
4.0,1.958,0.0
4.0,1.96,0.0
4.0,1.962,0.0
4.0,1.964,0.0
4.0,1.966,0.0
4.0,1.968,0.0
4.0,1.97,0.0
4.0,1.972,0.0
4.0,1.974,0.0
4.0,1.976,0.0
4.0,1.978,0.0
4.0,1.98,0.0
4.0,1.982,0.0
4.0,1.984,0.0
4.0,1.986,0.0
4.0,1.988,0.0
4.0,1.99,0.0
4.0,1.992,0.0
4.0,1.994,0.0
4.0,1.996,0.0
4.0,1.998,0.0
4.0,2.0,0.0
4.0,2.0020000000000002,0.0
4.0,2.004,0.0
4.0,2.0060000000000002,0.0
4.0,2.008,0.0
4.0,2.0100000000000002,0.0
4.0,2.012,0.0
4.0,2.0140000000000002,0.0
4.0,2.016,0.0
4.0,2.0180000000000002,0.0
4.0,2.02,0.0
4.0,2.0220000000000002,0.0
4.0,2.024,0.0
4.0,2.0260000000000002,0.0
4.0,2.028,0.0
4.0,2.0300000000000002,0.0
4.0,2.032,0.0
4.0,2.0340000000000003,0.0
4.0,2.036,0.0
4.0,2.0380000000000003,0.0
4.0,2.04,0.0
4.0,2.0420000000000003,0.0
4.0,2.044,0.0
4.0,2.0460000000000003,0.0
4.0,2.048,0.0
4.0,2.05,0.0
4.0,2.052,0.0
4.0,2.054,0.0
4.0,2.056,0.0
4.0,2.058,0.0
4.0,2.06,0.0
4.0,2.062,0.0
4.0,2.064,0.0
4.0,2.066,0.0
4.0,2.068,0.0
4.0,2.07,0.0
4.0,2.072,0.0
4.0,2.074,0.0
4.0,2.076,0.0
4.0,2.078,0.0
4.0,2.08,0.0
4.0,2.082,0.0
4.0,2.084,0.0
4.0,2.086,0.0
4.0,2.088,0.0
4.0,2.09,0.0
4.0,2.092,0.0
4.0,2.094,0.0
4.0,2.096,0.0
4.0,2.098,0.0
4.0,2.1,0.0
4.0,2.102,0.0
4.0,2.104,0.0
4.0,2.106,0.0
4.0,2.108,0.0
4.0,2.11,0.0
4.0,2.112,0.0
4.0,2.114,0.0
4.0,2.116,0.0
4.0,2.118,0.0
4.0,2.12,0.0
4.0,2.122,0.0
4.0,2.124,0.0
4.0,2.126,0.0
4.0,2.128,0.0
4.0,2.13,0.0
4.0,2.132,0.0
4.0,2.134,0.0
4.0,2.136,0.0
4.0,2.138,0.0
4.0,2.14,0.0
4.0,2.142,0.0
4.0,2.144,0.0
4.0,2.146,0.0
4.0,2.148,0.0
4.0,2.15,0.0
4.0,2.152,0.0
4.0,2.154,0.0
4.0,2.156,0.0
4.0,2.158,0.0
4.0,2.16,0.0
4.0,2.162,0.0
4.0,2.164,0.0
4.0,2.166,0.0
4.0,2.168,0.0
4.0,2.17,0.0
4.0,2.172,0.0
4.0,2.174,0.0
4.0,2.176,0.0
4.0,2.178,0.0
4.0,2.18,0.0
4.0,2.182,0.0
4.0,2.184,0.0
4.0,2.186,0.0
4.0,2.188,0.0
4.0,2.19,0.0
4.0,2.192,0.0
4.0,2.194,0.0
4.0,2.196,0.0
4.0,2.198,0.0
4.0,2.2,0.0
4.0,2.202,0.0
4.0,2.204,0.0
4.0,2.206,0.0
4.0,2.208,0.0
4.0,2.21,0.0
4.0,2.212,0.0
4.0,2.214,0.0
4.0,2.216,0.0
4.0,2.218,0.0
4.0,2.22,0.0
4.0,2.222,0.0
4.0,2.224,0.0
4.0,2.226,0.0
4.0,2.228,0.0
4.0,2.23,0.0
4.0,2.232,0.0
4.0,2.234,0.0
4.0,2.236,0.0
4.0,2.238,0.0
4.0,2.24,0.0
4.0,2.242,0.0
4.0,2.244,0.0
4.0,2.246,0.0
4.0,2.248,0.0
4.0,2.25,0.0
4.0,2.2520000000000002,0.0
4.0,2.254,0.0
4.0,2.2560000000000002,0.0
4.0,2.258,0.0
4.0,2.2600000000000002,0.0
4.0,2.262,0.0
4.0,2.2640000000000002,0.0
4.0,2.266,0.0
4.0,2.2680000000000002,0.0
4.0,2.27,0.0
4.0,2.2720000000000002,0.0
4.0,2.274,0.0
4.0,2.2760000000000002,0.0
4.0,2.278,0.0
4.0,2.2800000000000002,0.0
4.0,2.282,0.0
4.0,2.2840000000000003,0.0
4.0,2.286,0.0
4.0,2.2880000000000003,0.0
4.0,2.29,0.0
4.0,2.2920000000000003,0.0
4.0,2.294,0.0
4.0,2.2960000000000003,0.0
4.0,2.298,0.0
4.0,2.3000000000000003,0.0
4.0,2.302,0.0
4.0,2.3040000000000003,0.0
4.0,2.306,0.0
4.0,2.308,0.0
4.0,2.31,0.0
4.0,2.312,0.0
4.0,2.314,0.0
4.0,2.316,0.0
4.0,2.318,0.0
4.0,2.32,0.0
4.0,2.322,0.0
4.0,2.324,0.0
4.0,2.326,0.0
4.0,2.328,0.0
4.0,2.33,0.0
4.0,2.332,0.0
4.0,2.334,0.0
4.0,2.336,0.0
4.0,2.338,0.0
4.0,2.34,0.0
4.0,2.342,0.0
4.0,2.344,0.0
4.0,2.346,0.0
4.0,2.348,0.0
4.0,2.35,0.0
4.0,2.352,0.0
4.0,2.354,0.0
4.0,2.356,0.0
4.0,2.358,0.0
4.0,2.36,0.0
4.0,2.362,0.0
4.0,2.364,0.0
4.0,2.366,0.0
4.0,2.368,0.0
4.0,2.37,0.0
4.0,2.372,0.0
4.0,2.374,0.0
4.0,2.376,0.0
4.0,2.378,0.0
4.0,2.38,0.0
4.0,2.382,0.0
4.0,2.384,0.0
4.0,2.386,0.0
4.0,2.388,0.0
4.0,2.39,0.0
4.0,2.392,0.0
4.0,2.394,0.0
4.0,2.396,0.0
4.0,2.398,0.0
4.0,2.4,0.0
4.0,2.402,0.0
4.0,2.404,0.0
4.0,2.406,0.0
4.0,2.408,0.0
4.0,2.41,0.0
4.0,2.412,0.0
4.0,2.414,0.0
4.0,2.416,0.0
4.0,2.418,0.0
4.0,2.42,0.0
4.0,2.422,0.0
4.0,2.424,0.0
4.0,2.426,0.0
4.0,2.428,0.0
4.0,2.43,0.0
4.0,2.432,0.0
4.0,2.434,0.0
4.0,2.436,0.0
4.0,2.438,0.0
4.0,2.44,0.0
4.0,2.442,0.0
4.0,2.444,0.0
4.0,2.446,0.0
4.0,2.448,0.0
4.0,2.45,0.0
4.0,2.452,0.0
4.0,2.454,0.0
4.0,2.456,0.0
4.0,2.458,0.0
4.0,2.46,0.0
4.0,2.462,0.0
4.0,2.464,0.0
4.0,2.466,0.0
4.0,2.468,0.0
4.0,2.47,0.0
4.0,2.472,0.0
4.0,2.474,0.0
4.0,2.476,0.0
4.0,2.478,0.0
4.0,2.48,0.0
4.0,2.482,0.0
4.0,2.484,0.0
4.0,2.486,0.0
4.0,2.488,0.0
4.0,2.49,0.0
4.0,2.492,0.0
4.0,2.494,0.0
4.0,2.496,0.0
4.0,2.498,0.0
4.0,2.5,0.0
5.0,0.0,0.0
5.0,0.002,0.0
5.0,0.004,0.0
5.0,0.006,0.0
5.0,0.008,0.0
5.0,0.01,0.0
5.0,0.012,0.0
5.0,0.014,0.0
5.0,0.016,0.0
5.0,0.018000000000000002,0.0
5.0,0.02,0.0
5.0,0.022,0.0
5.0,0.024,0.0
5.0,0.026000000000000002,0.0
5.0,0.028,0.0
5.0,0.03,0.0
5.0,0.032,0.0
5.0,0.034,0.0
5.0,0.036000000000000004,0.0
5.0,0.038,0.0
5.0,0.04,0.0
5.0,0.042,0.0
5.0,0.044,0.0
5.0,0.046,0.0
5.0,0.048,0.0
5.0,0.05,0.0
5.0,0.052000000000000005,0.0
5.0,0.054,0.0
5.0,0.056,0.0
5.0,0.058,0.0
5.0,0.06,0.0
5.0,0.062,0.0
5.0,0.064,0.0
5.0,0.066,0.0
5.0,0.068,0.0
5.0,0.07,0.0
5.0,0.07200000000000001,0.0
5.0,0.074,0.0
5.0,0.076,0.0
5.0,0.078,0.0
5.0,0.08,0.0
5.0,0.082,0.0
5.0,0.084,0.0
5.0,0.08600000000000001,0.0
5.0,0.088,0.0
5.0,0.09,0.0
5.0,0.092,0.0
5.0,0.094,0.0
5.0,0.096,0.0
5.0,0.098,0.0
5.0,0.1,0.0
5.0,0.10200000000000001,0.0
5.0,0.10400000000000001,0.0
5.0,0.106,0.0
5.0,0.108,0.0
5.0,0.11,0.0
5.0,0.112,0.0
5.0,0.114,0.0
5.0,0.116,0.0
5.0,0.11800000000000001,0.0
5.0,0.12,0.0
5.0,0.122,0.0
5.0,0.124,0.0
5.0,0.126,0.0
5.0,0.128,0.0
5.0,0.13,0.0
5.0,0.132,9.808507126617383e-07
5.0,0.134,8.540627572878731e-06
5.0,0.136,3.9557663945758725e-05
5.0,0.138,0.00012986262390656607
5.0,0.14,0.00033966057475691197
5.0,0.14200000000000002,0.000754249861900753
5.0,0.14400000000000002,0.0014795740412905502
5.0,0.146,0.002633954687769966
5.0,0.148,0.0043382090184107104
5.0,0.15,0.006706247926796141
5.0,0.152,0.009837582240980294
5.0,0.154,0.013812373094127963
5.0,0.156,0.01868902106029655
5.0,0.158,0.02450389518995144
5.0,0.16,0.031272637788759286
5.0,0.162,0.03899247562087068
5.0,0.164,0.04764505151727577
5.0,0.166,0.05719940722079242
5.0,0.168,0.06761486455719218
5.0,0.17,0.07884365065529086
5.0,0.17200000000000001,0.09083920103916951
5.0,0.17400000000000002,0.10355673082111191
5.0,0.176,0.11693933093934485
5.0,0.178,0.13092792584901278
5.0,0.18,0.14546535661746235
5.0,0.182,0.16049641457778682
5.0,0.184,0.17596817264508002
5.0,0.186,0.19183027679662995
5.0,0.188,0.20803514745434099
5.0,0.19,0.22453809314058895
5.0,0.192,0.24129735039117337
5.0,0.194,0.25827406540120634
5.0,0.196,0.2754322314858861
5.0,0.198,0.2927385942921997
5.0,0.2,0.31016253451610803
5.0,0.202,0.3276759359092364
5.0,0.20400000000000001,0.3452530446708804
5.0,0.20600000000000002,0.36287032491706156
5.0,0.20800000000000002,0.38050631377309885
5.0,0.21,0.3981414787153109
5.0,0.212,0.4157751224250712
5.0,0.214,0.43339659680278736
5.0,0.216,0.45098658485323045
5.0,0.218,0.46852793280592714
5.0,0.22,0.486006317967543
5.0,0.222,0.5034093070150331
5.0,0.224,0.5207259568435345
5.0,0.226,0.5379465830823636
5.0,0.228,0.5550625995713584
5.0,0.23,0.5720663946109171
5.0,0.232,0.5889512293335131
5.0,0.234,0.6057111509946168
5.0,0.23600000000000002,0.6223409172381252
5.0,0.23800000000000002,0.6388359289681466
5.0,0.24,0.6551921702868438
5.0,0.242,0.6714061544235872
5.0,0.244,0.6874748748589333
5.0,0.246,0.7033957610229222
5.0,0.248,0.719166638064551
5.0,0.25,0.7347872484845807
5.0,0.252,0.7502745207985718
5.0,0.254,0.765626167146818
5.0,0.256,0.7808358153189083
5.0,0.258,0.7958998234198577
5.0,0.26,0.8108157575611138
5.0,0.262,0.8255819010376857
5.0,0.264,0.8401970335669942
5.0,0.266,0.8546603102781013
5.0,0.268,0.8689711859940986
5.0,0.27,0.883129363194527
5.0,0.272,0.8971347537249984
5.0,0.274,0.9109874491692785
5.0,0.276,0.9246876970528997
5.0,0.278,0.9382358811909536
5.0,0.28,0.9516325051151633
5.0,0.28200000000000003,0.9648781778743966
5.0,0.28400000000000003,0.9779736017204019
5.0,0.28600000000000003,0.9909195613282015
5.0,0.28800000000000003,1.003716914291007
5.0,0.29,1.0163726290200372
5.0,0.292,1.0288977024419002
5.0,0.294,1.0412910098454708
5.0,0.296,1.05354980041487
5.0,0.298,1.0656730150095255
5.0,0.3,1.0776603203434154
5.0,0.302,1.0895117882126086
5.0,0.304,1.1012277507906945
5.0,0.306,1.1128087227579067
5.0,0.308,1.1242553542249007
5.0,0.31,1.1355683998073427
5.0,0.312,1.1467486970056295
5.0,0.314,1.1577971503459814
5.0,0.316,1.1687147192991607
5.0,0.318,1.1795024087949193
5.0,0.32,1.1901612615910249
5.0,0.322,1.2006923520117083
5.0,0.324,1.2110967807260806
5.0,0.326,1.2213756703355576
5.0,0.328,1.2315301616038223
5.0,0.33,1.2415694840521159
5.0,0.332,1.2514993813751907
5.0,0.334,1.2613185044349604
5.0,0.336,1.2710254205431541
5.0,0.338,1.2806197586919439
5.0,0.34,1.290101622173874
5.0,0.342,1.2994713814959065
5.0,0.34400000000000003,1.308729577762389
5.0,0.34600000000000003,1.3178768697459469
5.0,0.34800000000000003,1.3269140016526897
5.0,0.35000000000000003,1.3358417819456414
5.0,0.352,1.344661068616675
5.0,0.354,1.3533727584786033
5.0,0.356,1.361977779099961
5.0,0.358,1.3704770825537493
5.0,0.36,1.3788716404569192
5.0,0.362,1.3871624399566806
5.0,0.364,1.3953504804296946
5.0,0.366,1.40343677073025
5.0,0.368,1.4114223268696002
5.0,0.37,1.4193166466956573
5.0,0.372,1.4271221536057854
5.0,0.374,1.434837375436345
5.0,0.376,1.4424615520730517
5.0,0.378,1.4499945877085283
5.0,0.38,1.4574367039744995
5.0,0.382,1.4647883069355803
5.0,0.384,1.472049922096337
5.0,0.386,1.4792221577758624
5.0,0.388,1.4863056823906318
5.0,0.39,1.49330120934907
5.0,0.392,1.5002094864622029
5.0,0.394,1.5070312882060113
5.0,0.396,1.5137674098764078
5.0,0.398,1.520418663052621
5.0,0.4,1.5269858719964815
5.0,0.402,1.5334698707408019
5.0,0.404,1.539871500697915
5.0,0.406,1.5461916086694074
5.0,0.40800000000000003,1.5524310451712071
5.0,0.41000000000000003,1.558598563500299
5.0,0.41200000000000003,1.5646947822438904
5.0,0.41400000000000003,1.5707183037847627
5.0,0.41600000000000004,1.5766687465912417
5.0,0.418,1.5825461473905684
5.0,0.42,1.5883507589511894
5.0,0.422,1.5940829639071505
5.0,0.424,1.5997432304449606
5.0,0.426,1.6053320865787981
5.0,0.428,1.6108501038842127
5.0,0.43,1.616297886537143
5.0,0.432,1.6216760635561076
5.0,0.434,1.6269852830935794
5.0,0.436,1.6322262081010985
5.0,0.438,1.6373995129516516
5.0,0.44,1.6425058807511645
5.0,0.442,1.6475460011600367
5.0,0.444,1.652520568601338
5.0,0.446,1.6574302807683052
5.0,0.448,1.6622764510416324
5.0,0.45,1.6670653521396852
5.0,0.452,1.6717972761439859
5.0,0.454,1.6764712396938715
5.0,0.456,1.6810870213252123
5.0,0.458,1.6856447035964082
5.0,0.46,1.6901445282092535
5.0,0.462,1.694586833157504
5.0,0.464,1.6989720200564677
5.0,0.466,1.7033005350330273
5.0,0.468,1.7075728565734578
5.0,0.47000000000000003,1.7117894872988468
5.0,0.47200000000000003,1.7159509481240187
5.0,0.47400000000000003,1.7200577739477119
5.0,0.47600000000000003,1.7241105103729388
5.0,0.47800000000000004,1.7281097111473969
5.0,0.48,1.7320559361236039
5.0,0.482,1.7359497496045808
5.0,0.484,1.7397917189824315
5.0,0.486,1.7435824136040479
5.0,0.488,1.7473231268864964
5.0,0.49,1.751018473305139
5.0,0.492,1.75466864196646
5.0,0.494,1.7582729355265503
5.0,0.496,1.761831223792689
5.0,0.498,1.7653436044093098
5.0,0.5,1.7688102947061624
5.0,0.502,1.7722315845266805
5.0,0.504,1.775607811608232
5.0,0.506,1.7789393471357968
5.0,0.508,1.7822265865325722
5.0,0.51,1.785469943214747
5.0,0.512,1.7886698441492197
5.0,0.514,1.7918267265718715
5.0,0.516,1.7949410354879678
5.0,0.518,1.7980132217200617
5.0,0.52,1.8010437403516029
5.0,0.522,1.8040330494644712
5.0,0.524,1.806981609100032
5.0,0.526,1.8098898803937156
5.0,0.528,1.8127588451436176
5.0,0.53,1.815592098459336
5.0,0.532,1.8183898155554188
5.0,0.534,1.8211514811185388
5.0,0.536,1.823877016201367
5.0,0.538,1.826566516785594
5.0,0.54,1.8292201705388267
5.0,0.542,1.8318382205320365
5.0,0.544,1.8344209463118584
5.0,0.546,1.836968652798044
5.0,0.548,1.8394816632076847
5.0,0.55,1.841960314258121
5.0,0.552,1.8444049527556614
5.0,0.554,1.8468159330762752
5.0,0.556,1.849193615247386
5.0,0.558,1.8515383634504525
5.0,0.56,1.8538505448276825
5.0,0.562,1.8561305285146734
5.0,0.5640000000000001,1.8583786848448824
5.0,0.5660000000000001,1.8605953846875134
5.0,0.5680000000000001,1.8627811852777862
5.0,0.5700000000000001,1.8649390564804624
5.0,0.5720000000000001,1.867069202002541
5.0,0.5740000000000001,1.8691712217212653
5.0,0.5760000000000001,1.8712450631608544
5.0,0.578,1.8732908116572413
5.0,0.58,1.8753086241859296
5.0,0.582,1.8772987007209518
5.0,0.584,1.8792612693710717
5.0,0.586,1.8811965776959707
5.0,0.588,1.8831048871896672
5.0,0.59,1.8849864695503502
5.0,0.592,1.8868416040337141
5.0,0.594,1.8886705755021262
5.0,0.596,1.8904736729418392
5.0,0.598,1.8922511883073176
5.0,0.6,1.8940034156016803
5.0,0.602,1.8957306501323314
5.0,0.604,1.8974331878997128
5.0,0.606,1.8991113250893263
5.0,0.608,1.9007653576453567
5.0,0.61,1.9023975257121273
5.0,0.612,1.9040082028883318
5.0,0.614,1.9055971215136123
5.0,0.616,1.9071642288368138
5.0,0.618,1.9087095918736585
5.0,0.62,1.9102333368641735
5.0,0.622,1.9117356247171113
5.0,0.624,1.9132166386631901
5.0,0.626,1.9146765771773335
5.0,0.628,1.916115649539508
5.0,0.63,1.917533092010108
5.0,0.632,1.918923529360786
5.0,0.634,1.9202703103056051
5.0,0.636,1.921537834266439
5.0,0.638,1.9226661283984716
5.0,0.64,1.923570128000058
5.0,0.642,1.9241441240030286
5.0,0.644,1.9242700296916442
5.0,0.646,1.9238272626874466
5.0,0.648,1.9227021465869278
5.0,0.65,1.9207965197943564
5.0,0.652,1.9180308688828582
5.0,0.654,1.9143466843901744
5.0,0.656,1.9097075260943717
5.0,0.658,1.9040977964066803
5.0,0.66,1.8975203656592703
5.0,0.662,1.8899937174208346
5.0,0.664,1.8815489546992072
5.0,0.666,1.872226912709369
5.0,0.668,1.8620755299413214
5.0,0.67,1.8511415426232747
5.0,0.672,1.8394699118285418
5.0,0.674,1.8271177260041795
5.0,0.676,1.8141442423542369
5.0,0.678,1.8006068030305478
5.0,0.68,1.7865608009162508
5.0,0.682,1.7720593478574442
5.0,0.684,1.7571529828143828
5.0,0.686,1.7418894701747227
5.0,0.6880000000000001,1.7263136858437926
5.0,0.6900000000000001,1.7104680590039147
5.0,0.6920000000000001,1.6943922941702239
5.0,0.6940000000000001,1.6781224093045517
5.0,0.6960000000000001,1.66169157115784
5.0,0.6980000000000001,1.645130424131542
5.0,0.7000000000000001,1.6284671566802582
5.0,0.7020000000000001,1.6117276200138877
5.0,0.704,1.5949354627568433
5.0,0.706,1.578112270579248
5.0,0.708,1.5612777057032092
5.0,0.71,1.544432600011427
5.0,0.712,1.527587739636751
5.0,0.714,1.5107625820753185
5.0,0.716,1.4939744233216898
5.0,0.718,1.4772377294469117
5.0,0.72,1.4605650778592993
5.0,0.722,1.4439675561004195
5.0,0.724,1.4274549930402352
5.0,0.726,1.4110361191633902
5.0,0.728,1.3947186901220177
5.0,0.73,1.3785096140086674
5.0,0.732,1.3624158174694683
5.0,0.734,1.346442639499553
5.0,0.736,1.33059458018875
5.0,0.738,1.3148756647058288
5.0,0.74,1.299289431614575
5.0,0.742,1.2838389610843148
5.0,0.744,1.2685269102675925
5.0,0.746,1.2533555489070067
5.0,0.748,1.2383252350046932
5.0,0.75,1.223419144447614
5.0,0.752,1.2086396722417443
5.0,0.754,1.1939932996686133
5.0,0.756,1.1794837790166517
5.0,0.758,1.16511365543322
5.0,0.76,1.1508847573922596
5.0,0.762,1.1367984171736936
5.0,0.764,1.1228555916469944
5.0,0.766,1.1090569378030701
5.0,0.768,1.0954028646383278
5.0,0.77,1.081893571317009
5.0,0.772,1.068529430086418
5.0,0.774,1.0553105590006226
5.0,0.776,1.0422365686357067
5.0,0.778,1.0293069325519923
5.0,0.78,1.0165210711465122
5.0,0.782,1.0038783341900663
5.0,0.784,0.9913780012722797
5.0,0.786,0.9790192865328888
5.0,0.788,0.9667952981667088
5.0,0.79,0.9546951191567491
5.0,0.792,0.9427199564036168
5.0,0.794,0.9308726444860554
5.0,0.796,0.9191543273716389
5.0,0.798,0.9075654238576063
5.0,0.8,0.8961059480519562
5.0,0.802,0.884775653849512
5.0,0.804,0.8735741126202918
5.0,0.806,0.8625007601377799
5.0,0.808,0.8515549273829429
5.0,0.81,0.8407358620639229
5.0,0.812,0.8300427454378654
5.0,0.8140000000000001,0.8194751501873092
5.0,0.8160000000000001,0.8090321336719798
5.0,0.8180000000000001,0.798712608776303
5.0,0.8200000000000001,0.7885155141724401
5.0,0.8220000000000001,0.7784397845584542
5.0,0.8240000000000001,0.7684843441057858
5.0,0.8260000000000001,0.7586481055033637
5.0,0.8280000000000001,0.7489218969173683
5.0,0.8300000000000001,0.7393000351505685
5.0,0.8320000000000001,0.7297839317458076
5.0,0.834,0.7203750830944257
5.0,0.836,0.7110739247748415
5.0,0.838,0.7018804186161813
5.0,0.84,0.6927942595446906
5.0,0.842,0.683814972014982
5.0,0.844,0.6749419627921768
5.0,0.846,0.666174553068556
5.0,0.848,0.6575119995439213
5.0,0.85,0.6489535090744751
5.0,0.852,0.6404982493150316
5.0,0.854,0.6321454680068826
5.0,0.856,0.6238944804717805
5.0,0.858,0.6157443357091271
5.0,0.86,0.60769403274824
5.0,0.862,0.5997425904758801
5.0,0.864,0.5918890314368682
5.0,0.866,0.5841323779000492
5.0,0.868,0.5764631743817622
5.0,0.87,0.5688790424464443
5.0,0.872,0.561381500932847
5.0,0.874,0.5539713577743194
5.0,0.876,0.5466487573524104
5.0,0.878,0.5394135270868496
5.0,0.88,0.5322653102360798
5.0,0.882,0.5252036307335597
5.0,0.884,0.5182279296911515
5.0,0.886,0.5113375880194235
5.0,0.888,0.5045319414550828
5.0,0.89,0.4978102910867486
5.0,0.892,0.4911719110403014
5.0,0.894,0.484616054280573
5.0,0.896,0.47814208923911894
5.0,0.898,0.47174932613879017
5.0,0.9,0.46543693529844987
5.0,0.902,0.45920407512183187
5.0,0.904,0.453049916943098
5.0,0.906,0.44697363625652664
5.0,0.908,0.44096650999954545
5.0,0.91,0.43502795235007574
5.0,0.912,0.42915939529797054
5.0,0.914,0.42336125579578837
5.0,0.916,0.41763353322038027
5.0,0.918,0.41197601133871947
5.0,0.92,0.4063883443021212
5.0,0.922,0.40087010082430524
5.0,0.924,0.39542078980288586
5.0,0.926,0.3900398765049509
5.0,0.928,0.38472679346388455
5.0,0.93,0.3794809481854744
5.0,0.932,0.37430172881442786
5.0,0.934,0.3691885084346753
5.0,0.936,0.364140648418424
5.0,0.9380000000000001,0.3591576132560337
5.0,0.9400000000000001,0.3542387874440894
5.0,0.9420000000000001,0.3493834768694835
5.0,0.9440000000000001,0.34459098828714185
5.0,0.9460000000000001,0.33986002387626907
5.0,0.9480000000000001,0.3351843314179819
5.0,0.9500000000000001,0.3305636420148236
5.0,0.9520000000000001,0.3259989638221311
5.0,0.9540000000000001,0.3214905441138045
5.0,0.9560000000000001,0.3170383267913147
5.0,0.9580000000000001,0.3126420970225971
5.0,0.96,0.30830154392672016
5.0,0.962,0.30401629312369327
5.0,0.964,0.2997859257543784
5.0,0.966,0.29560999056367726
5.0,0.968,0.2914880120711647
5.0,0.97,0.2874194963693052
5.0,0.972,0.2834039353987851
5.0,0.974,0.2794408102001267
5.0,0.976,0.27552959345033917
5.0,0.978,0.2716697514839272
5.0,0.98,0.26786082469084105
5.0,0.982,0.26410229624164144
5.0,0.984,0.2603935980989441
5.0,0.986,0.2567334416014893
5.0,0.988,0.2531172244859807
5.0,0.99,0.24954477317495008
5.0,0.992,0.24601680233568657
5.0,0.994,0.24253346055075017
5.0,0.996,0.2390946692274611
5.0,0.998,0.2357002305014661
5.0,1.0,0.23234987424485176
5.0,1.002,0.2290432825723838
5.0,1.004,0.22578010420577713
5.0,1.006,0.22255996362187844
5.0,1.008,0.21938246725106625
5.0,1.01,0.21624720788300433
5.0,1.012,0.21315376791942195
5.0,1.014,0.21010172185049908
5.0,1.016,0.20709063818818388
5.0,1.018,0.2041200810072904
5.0,1.02,0.20118961119547513
5.0,1.022,0.19829883338249285
5.0,1.024,0.19544732966977496
5.0,1.026,0.19263412197163868
5.0,1.028,0.1898556185459493
5.0,1.03,0.18711165314652728
5.0,1.032,0.18440275245895385
5.0,1.034,0.18172900807336148
5.0,1.036,0.17909033739110244
5.0,1.038,0.17648656657722725
5.0,1.04,0.17391746666645194
5.0,1.042,0.1713827723754527
5.0,1.044,0.1688821931258
5.0,1.046,0.16641542006250618
5.0,1.048,0.16398213080862925
5.0,1.05,0.1615819928442146
5.0,1.052,0.15921466600049583
5.0,1.054,0.15687980435830454
5.0,1.056,0.1545770577297061
5.0,1.058,0.1523060728385883
5.0,1.06,0.1500664942777607
5.0,1.062,0.14785796529616546
5.0,1.064,0.14568014801354134
5.0,1.066,0.14353252659823879
5.0,1.068,0.14141213706680966
5.0,1.07,0.13931877735233944
5.0,1.072,0.13725285379753227
5.0,1.074,0.135214426955562
5.0,1.076,0.13320342051572695
5.0,1.078,0.13121968706555684
5.0,1.08,0.1292630365127951
5.0,1.082,0.1273332508185507
5.0,1.084,0.12543009259693857
5.0,1.086,0.12355331057426343
5.0,1.088,0.12170264327832123
5.0,1.09,0.11987782165498499
5.0,1.092,0.11807857099631394
5.0,1.094,0.11630461240582822
5.0,1.096,0.11455566394047324
5.0,1.098,0.11283144151932446
5.0,1.1,0.11113165965929436
5.0,1.102,0.10945603207943842
5.0,1.104,0.10780427220335681
5.0,1.106,0.10617609481043469
5.0,1.108,0.10456929983143264
5.0,1.11,0.10298352091228417
5.0,1.112,0.10141902589406734
5.0,1.114,0.09987587160890095
5.0,1.116,0.0983539966148904
5.0,1.118,0.0968532809794454
5.0,1.12,0.09537357050616455
5.0,1.122,0.09391468891110463
5.0,1.124,0.09247644480112786
5.0,1.1260000000000001,0.09105863605014795
5.0,1.1280000000000001,0.08966105273075584
5.0,1.1300000000000001,0.08828347917964743
5.0,1.1320000000000001,0.08692569551161332
5.0,1.1340000000000001,0.08558747876516207
5.0,1.1360000000000001,0.08426860379212753
5.0,1.1380000000000001,0.08296884396333225
5.0,1.1400000000000001,0.08168797173829587
5.0,1.1420000000000001,0.08042575913197515
5.0,1.1440000000000001,0.0791819781018421
5.0,1.1460000000000001,0.07795640087216896
5.0,1.1480000000000001,0.0767476848402649
5.0,1.1500000000000001,0.07555520014294313
5.0,1.1520000000000001,0.07437907097351283
5.0,1.154,0.07321937107054562
5.0,1.156,0.07207605754081127
5.0,1.158,0.07094903681468195
5.0,1.16,0.06983818672113827
5.0,1.162,0.06874336709393872
5.0,1.164,0.0676644256729602
5.0,1.166,0.06660120172977593
5.0,1.168,0.06555352846018928
5.0,1.17,0.06452123465066087
5.0,1.172,0.06350414588885271
5.0,1.174,0.06250208547296261
5.0,1.176,0.061514875113567576
5.0,1.178,0.06054233548747388
5.0,1.18,0.059584286682849215
5.0,1.182,0.05864054856243745
5.0,1.184,0.057710941063674866
5.0,1.186,0.05679528444925514
5.0,1.188,0.05589291763225696
5.0,1.19,0.055002994472409174
5.0,1.192,0.054125508199864614
5.0,1.194,0.053260562750696704
5.0,1.196,0.05240813806486161
5.0,1.198,0.05156816276816391
5.0,1.2,0.050740541462084475
5.0,1.202,0.04992516413335778
5.0,1.204,0.04912191104103469
5.0,1.206,0.04833065571252051
5.0,1.208,0.047551266902965794
5.0,1.21,0.04678360994730028
5.0,1.212,0.046027547734100796
5.0,1.214,0.045282941431713714
5.0,1.216,0.04454965104505406
5.0,1.218,0.04382753585248448
5.0,1.22,0.04311645475514912
5.0,1.222,0.04241626656070724
5.0,1.224,0.04172683021678212
5.0,1.226,0.04104800500509166
5.0,1.228,0.0403796248946544
5.0,1.23,0.039720719135888906
5.0,1.232,0.03907119419835507
5.0,1.234,0.03843115215221218
5.0,1.236,0.03780058764528594
5.0,1.238,0.037179459180180514
5.0,1.24,0.03656769534733747
5.0,1.242,0.03596521019835418
5.0,1.244,0.03537191042399952
5.0,1.246,0.03478769746254159
5.0,1.248,0.03421246902374964
5.0,1.25,0.03364612016299969
5.0,1.252,0.033088544057597036
5.0,1.254,0.032539632584433376
5.0,1.256,0.03199927676123469
5.0,1.258,0.03146736709125167
5.0,1.26,0.030943793837646373
5.0,1.262,0.030428447245380852
5.0,1.264,0.02992121772301317
5.0,1.266,0.029421995993259488
5.0,1.268,0.028930673218788786
5.0,1.27,0.028446787713193655
5.0,1.272,0.027969976012361873
5.0,1.274,0.02750024581042985
5.0,1.276,0.02703762206974104
5.0,1.278,0.0265820773673076
5.0,1.28,0.02613356248677028
5.0,1.282,0.025692019347716425
5.0,1.284,0.025257377654188902
5.0,1.286,0.02482956134567691
5.0,1.288,0.024408491617124915
5.0,1.29,0.023994087594548887
5.0,1.292,0.023586266929868153
5.0,1.294,0.023184946261265816
5.0,1.296,0.022790041567576073
5.0,1.298,0.022401468444716684
5.0,1.3,0.02201914232475099
5.0,1.302,0.021642978652074304
5.0,1.304,0.02127289302695682
5.0,1.306,0.020908801323771292
5.0,1.308,0.02054756944450435
5.0,1.31,0.02019223273021027
5.0,1.312,0.019842259027587128
5.0,1.314,0.019497586047157702
5.0,1.316,0.019158258146729047
5.0,1.318,0.0188242623299086
5.0,1.32,0.018495563229522182
5.0,1.322,0.018172114072713574
5.0,1.324,0.0178538614068706
5.0,1.326,0.017540747544572736
5.0,1.328,0.01723271198829782
5.0,1.33,0.01692969233328887
5.0,1.332,0.016631624876477066
5.0,1.334,0.01633844504727123
5.0,1.336,0.016050087724001263
5.0,1.338,0.015766487473459354
5.0,1.34,0.01548757873668546
5.0,1.342,0.015213295975933303
5.0,1.344,0.014943573792810817
5.0,1.346,0.014678347024493896
5.0,1.348,0.014417550822906475
5.0,1.35,0.014161120720421886
5.0,1.352,0.013908881407213011
5.0,1.354,0.013660565488526788
5.0,1.356,0.013416152348010281
5.0,1.358,0.013175655809136074
5.0,1.36,0.012939057608482159
5.0,1.362,0.012706326346938546
5.0,1.364,0.012477423744407355
5.0,1.366,0.012252307436637085
5.0,1.368,0.012030932461827185
5.0,1.37,0.011813252144864384
5.0,1.372,0.011599218666685424
5.0,1.374,0.011388783453117777
5.0,1.3760000000000001,0.011181897452707139
5.0,1.3780000000000001,0.010978511342395966
5.0,1.3800000000000001,0.010778575684159741
5.0,1.3820000000000001,0.010582041047042603
5.0,1.3840000000000001,0.01038885810400088
5.0,1.3860000000000001,0.010198977709903405
5.0,1.3880000000000001,0.010012350965104461
5.0,1.3900000000000001,0.009828929267743149
5.0,1.3920000000000001,0.009648664357075315
5.0,1.3940000000000001,0.009471376222316117
5.0,1.3960000000000001,0.009296930378784471
5.0,1.3980000000000001,0.009125322474804243
5.0,1.4000000000000001,0.008956552694309287
5.0,1.4020000000000001,0.008790602901550964
5.0,1.4040000000000001,0.008627447086322515
5.0,1.4060000000000001,0.008467055014211956
5.0,1.408,0.00830939392009005
5.0,1.41,0.008154429431322788
5.0,1.412,0.00800212612702637
5.0,1.414,0.007852447903107676
5.0,1.416,0.007705358224147304
5.0,1.418,0.007560820304784635
5.0,1.42,0.007418797244790396
5.0,1.422,0.00727925213237222
5.0,1.424,0.007142148124892529
5.0,1.426,0.00700744851302872
5.0,1.428,0.006875116772474142
5.0,1.43,0.00674511660604899
5.0,1.432,0.006617411978282308
5.0,1.434,0.0064919671439804824
5.0,1.436,0.006368634506858222
5.0,1.438,0.006247339909930343
5.0,1.44,0.006128083043235017
5.0,1.442,0.006010859458609166
5.0,1.444,0.005895653596154893
5.0,1.446,0.0057824449563889735
5.0,1.448,0.0056712103552469095
5.0,1.45,0.00556192499805384
5.0,1.452,0.005454563075039235
5.0,1.454,0.0053490981263332035
5.0,1.456,0.0052455032822056385
5.0,1.458,0.005143751429832075
5.0,1.46,0.00504381533389534
5.0,1.462,0.0049456677266502495
5.0,1.464,0.004849281376920966
5.0,1.466,0.004754629144044562
5.0,1.468,0.004661684020732088
5.0,1.47,0.004570419167558967
5.0,1.472,0.004480807940990888
5.0,1.474,0.004392823916319925
5.0,1.476,0.00430644090652521
5.0,1.478,0.004221554218634183
5.0,1.48,0.00413811328998316
5.0,1.482,0.004056116811064136
5.0,1.484,0.00397556002607029
5.0,1.486,0.0038964307229360437
5.0,1.488,0.003818713372645901
5.0,1.49,0.0037423906518190323
5.0,1.492,0.0036674441706169634
5.0,1.494,0.0035938548772850576
5.0,1.496,0.003521603306427618
5.0,1.498,0.003450669742523846
5.0,1.5,0.003381034333440422
5.0,1.502,0.003312677172482087
5.0,1.504,0.003245578359605541
5.0,1.506,0.0031797180482428526
5.0,1.508,0.00311507648183195
5.0,1.51,0.0030516340227626075
5.0,1.512,0.0029893711755889316
5.0,1.514,0.002928268605810581
5.0,1.516,0.0028683071551627993
5.0,1.518,0.0028094678541096567
5.0,1.52,0.0027516860315314907
5.0,1.522,0.0026949184505654874
5.0,1.524,0.0026391613987996982
5.0,1.526,0.002584411508770654
5.0,1.528,0.002530659812109619
5.0,1.53,0.002477894936563141
5.0,1.532,0.002426104239327275
5.0,1.534,0.002375274337359247
5.0,1.536,0.0023253913980018446
5.0,1.538,0.002276441315567371
5.0,1.54,0.002228409826744809
5.0,1.542,0.0021812825902114714
5.0,1.544,0.002135045243864641
5.0,1.546,0.002089683447305621
5.0,1.548,0.002045182914179754
5.0,1.55,0.0020015294372847815
5.0,1.552,0.0019587089083649705
5.0,1.554,0.001916707333897122
5.0,1.556,0.0018755108477848965
5.0,1.558,0.0018351057216215846
5.0,1.56,0.0017954783730080954
5.0,1.562,0.0017565958130009805
5.0,1.564,0.0017184166380309579
5.0,1.566,0.001680934966783708
5.0,1.568,0.0016441491591753738
5.0,1.57,0.0016080529952584468
5.0,1.572,0.0015726383976397119
5.0,1.574,0.0015378963410877502
5.0,1.576,0.0015038172625695258
5.0,1.578,0.0014703912803087425
5.0,1.58,0.0014376083244333475
5.0,1.582,0.0014054582211466187
5.0,1.584,0.0013739307501252002
5.0,1.586,0.0013430156853841667
5.0,1.588,0.0013127028253565503
5.0,1.59,0.0012829820156155794
5.0,1.592,0.0012538431663883902
5.0,1.594,0.0012252762662648038
5.0,1.596,0.001197271393050871
5.0,1.598,0.0011698187224297176
5.0,1.6,0.0011429085349045805
5.0,1.602,0.0011165312213727433
5.0,1.604,0.0010906760582639768
5.0,1.606,0.0010653029704955485
5.0,1.608,0.0010404047134396476
5.0,1.61,0.0010159811063758825
5.0,1.612,0.000992028068340882
5.0,1.614,0.000968540025506723
5.0,1.616,0.0009455106704368787
5.0,1.618,0.00092293329077998
5.0,1.62,0.0009008009397607401
5.0,1.622,0.0008791065355941939
5.0,1.624,0.0008578429243996146
5.0,1.6260000000000001,0.0008370029224793029
5.0,1.6280000000000001,0.0008165793460496955
5.0,1.6300000000000001,0.0007965650328916547
5.0,1.6320000000000001,0.0007769528585484235
5.0,1.6340000000000001,0.0007577357486996707
5.0,1.6360000000000001,0.0007389066887646633
5.0,1.6380000000000001,0.0007204587314408172
5.0,1.6400000000000001,0.0007023850026665426
5.0,1.6420000000000001,0.000684678706356439
5.0,1.6440000000000001,0.0006673331281629104
5.0,1.6460000000000001,0.000650341638453899
5.0,1.6480000000000001,0.0006336863941264571
5.0,1.6500000000000001,0.0006173520900717473
5.0,1.6520000000000001,0.0006013361591870032
5.0,1.6540000000000001,0.0005856367778048511
5.0,1.6560000000000001,0.0005702504192327967
5.0,1.6580000000000001,0.0005551728548068034
5.0,1.6600000000000001,0.0005403995001173321
5.0,1.6620000000000001,0.0005259255745343527
5.0,1.6640000000000001,0.0005117461876672439
5.0,1.666,0.0004978563914222546
5.0,1.668,0.00048425121374099896
5.0,1.67,0.0004709256816785096
5.0,1.672,0.0004578748378434479
5.0,1.674,0.00044509375247774524
5.0,1.676,0.0004325775325437992
5.0,1.678,0.0004203213286820324
5.0,1.68,0.0004083203406055143
5.0,1.682,0.00039656982131706833
5.0,1.684,0.0003850650804190988
5.0,1.686,0.00037380148671081536
5.0,1.688,0.0003627744702165441
5.0,1.69,0.00035197952375353136
5.0,1.692,0.00034140031331974456
5.0,1.694,0.0003310318015442532
5.0,1.696,0.00032087315639732207
5.0,1.698,0.00031092236720342374
5.0,1.7,0.00030117670679343926
5.0,1.702,0.00029163312067451906
5.0,1.704,0.00028228838301515215
5.0,1.706,0.00027313917459166436
5.0,1.708,0.0002641821272171553
5.0,1.71,0.00025541385140616884
5.0,1.712,0.0002468309547249735
5.0,1.714,0.00023843005454717941
5.0,1.716,0.00023020778723905038
5.0,1.718,0.0002221608149526158
5.0,1.72,0.00021428583075022638
5.0,1.722,0.00020657956252537318
5.0,1.724,0.00019903877602988644
5.0,1.726,0.00019166027722134315
5.0,1.728,0.00018444091408247054
5.0,1.73,0.00017737757802312946
5.0,1.732,0.00017046720494734836
5.0,1.734,0.0001637058760978853
5.0,1.736,0.00015708329571378232
5.0,1.738,0.00015059722347082814
5.0,1.74,0.00014424702518784098
5.0,1.742,0.00013803111849947393
5.0,1.744,0.0001319475622411945
5.0,1.746,0.00012599424412135316
5.0,1.748,0.00012016896249447519
5.0,1.75,0.0001144694689379596
5.0,1.752,0.00010889349311377432
5.0,1.754,0.00010343875848789748
5.0,1.756,9.810299285951255e-05
5.0,1.758,9.288393572251767e-05
5.0,1.76,8.777934358022977e-05
5.0,1.762,8.278699387481386e-05
5.0,1.764,7.790468794240593e-05
5.0,1.766,7.313025326042894e-05
5.0,1.768,6.846154516638775e-05
5.0,1.77,6.389644817269224e-05
5.0,1.772,5.9432876966537254e-05
5.0,1.774,5.5068777160121415e-05
5.0,1.776,5.0802125840185175e-05
5.0,1.778,4.663011681781829e-05
5.0,1.78,4.254656585905316e-05
5.0,1.782,3.85500359720208e-05
5.0,1.784,3.463998163367766e-05
5.0,1.786,3.0815298282334144e-05
5.0,1.788,2.707467042037957e-05
5.0,1.79,2.3416683263244063e-05
5.0,1.792,1.9839871626641907e-05
5.0,1.794,1.6342745459175624e-05
5.0,1.796,1.2923804775249386e-05
5.0,1.798,9.581549099118663e-06
5.0,1.8,6.314483783983214e-06
5.0,1.802,3.12112441927067e-06
5.0,1.804,0.0
5.0,1.806,0.0
5.0,1.808,0.0
5.0,1.81,0.0
5.0,1.812,0.0
5.0,1.814,0.0
5.0,1.816,0.0
5.0,1.818,0.0
5.0,1.82,0.0
5.0,1.822,0.0
5.0,1.824,0.0
5.0,1.826,0.0
5.0,1.828,0.0
5.0,1.83,0.0
5.0,1.832,0.0
5.0,1.834,0.0
5.0,1.836,0.0
5.0,1.838,0.0
5.0,1.84,0.0
5.0,1.842,0.0
5.0,1.844,0.0
5.0,1.846,0.0
5.0,1.848,0.0
5.0,1.85,0.0
5.0,1.852,0.0
5.0,1.854,0.0
5.0,1.856,0.0
5.0,1.858,0.0
5.0,1.86,0.0
5.0,1.862,0.0
5.0,1.864,0.0
5.0,1.866,0.0
5.0,1.868,0.0
5.0,1.87,0.0
5.0,1.872,0.0
5.0,1.874,0.0
5.0,1.8760000000000001,0.0
5.0,1.8780000000000001,0.0
5.0,1.8800000000000001,0.0
5.0,1.8820000000000001,0.0
5.0,1.8840000000000001,0.0
5.0,1.8860000000000001,0.0
5.0,1.8880000000000001,0.0
5.0,1.8900000000000001,0.0
5.0,1.8920000000000001,0.0
5.0,1.8940000000000001,0.0
5.0,1.8960000000000001,0.0
5.0,1.8980000000000001,0.0
5.0,1.9000000000000001,0.0
5.0,1.9020000000000001,0.0
5.0,1.9040000000000001,0.0
5.0,1.9060000000000001,0.0
5.0,1.9080000000000001,0.0
5.0,1.9100000000000001,0.0
5.0,1.9120000000000001,0.0
5.0,1.9140000000000001,0.0
5.0,1.9160000000000001,0.0
5.0,1.9180000000000001,0.0
5.0,1.92,0.0
5.0,1.922,0.0
5.0,1.924,0.0
5.0,1.926,0.0
5.0,1.928,0.0
5.0,1.93,0.0
5.0,1.932,0.0
5.0,1.934,0.0
5.0,1.936,0.0
5.0,1.938,0.0
5.0,1.94,0.0
5.0,1.942,0.0
5.0,1.944,0.0
5.0,1.946,0.0
5.0,1.948,0.0
5.0,1.95,0.0
5.0,1.952,0.0
5.0,1.954,0.0
5.0,1.956,0.0
5.0,1.958,0.0
5.0,1.96,0.0
5.0,1.962,0.0
5.0,1.964,0.0
5.0,1.966,0.0
5.0,1.968,0.0
5.0,1.97,0.0
5.0,1.972,0.0
5.0,1.974,0.0
5.0,1.976,0.0
5.0,1.978,0.0
5.0,1.98,0.0
5.0,1.982,0.0
5.0,1.984,0.0
5.0,1.986,0.0
5.0,1.988,0.0
5.0,1.99,0.0
5.0,1.992,0.0
5.0,1.994,0.0
5.0,1.996,0.0
5.0,1.998,0.0
5.0,2.0,0.0
5.0,2.0020000000000002,0.0
5.0,2.004,0.0
5.0,2.0060000000000002,0.0
5.0,2.008,0.0
5.0,2.0100000000000002,0.0
5.0,2.012,0.0
5.0,2.0140000000000002,0.0
5.0,2.016,0.0
5.0,2.0180000000000002,0.0
5.0,2.02,0.0
5.0,2.0220000000000002,0.0
5.0,2.024,0.0
5.0,2.0260000000000002,0.0
5.0,2.028,0.0
5.0,2.0300000000000002,0.0
5.0,2.032,0.0
5.0,2.0340000000000003,0.0
5.0,2.036,0.0
5.0,2.0380000000000003,0.0
5.0,2.04,0.0
5.0,2.0420000000000003,0.0
5.0,2.044,0.0
5.0,2.0460000000000003,0.0
5.0,2.048,0.0
5.0,2.05,0.0
5.0,2.052,0.0
5.0,2.054,0.0
5.0,2.056,0.0
5.0,2.058,0.0
5.0,2.06,0.0
5.0,2.062,0.0
5.0,2.064,0.0
5.0,2.066,0.0
5.0,2.068,0.0
5.0,2.07,0.0
5.0,2.072,0.0
5.0,2.074,0.0
5.0,2.076,0.0
5.0,2.078,0.0
5.0,2.08,0.0
5.0,2.082,0.0
5.0,2.084,0.0
5.0,2.086,0.0
5.0,2.088,0.0
5.0,2.09,0.0
5.0,2.092,0.0
5.0,2.094,0.0
5.0,2.096,0.0
5.0,2.098,0.0
5.0,2.1,0.0
5.0,2.102,0.0
5.0,2.104,0.0
5.0,2.106,0.0
5.0,2.108,0.0
5.0,2.11,0.0
5.0,2.112,0.0
5.0,2.114,0.0
5.0,2.116,0.0
5.0,2.118,0.0
5.0,2.12,0.0
5.0,2.122,0.0
5.0,2.124,0.0
5.0,2.126,0.0
5.0,2.128,0.0
5.0,2.13,0.0
5.0,2.132,0.0
5.0,2.134,0.0
5.0,2.136,0.0
5.0,2.138,0.0
5.0,2.14,0.0
5.0,2.142,0.0
5.0,2.144,0.0
5.0,2.146,0.0
5.0,2.148,0.0
5.0,2.15,0.0
5.0,2.152,0.0
5.0,2.154,0.0
5.0,2.156,0.0
5.0,2.158,0.0
5.0,2.16,0.0
5.0,2.162,0.0
5.0,2.164,0.0
5.0,2.166,0.0
5.0,2.168,0.0
5.0,2.17,0.0
5.0,2.172,0.0
5.0,2.174,0.0
5.0,2.176,0.0
5.0,2.178,0.0
5.0,2.18,0.0
5.0,2.182,0.0
5.0,2.184,0.0
5.0,2.186,0.0
5.0,2.188,0.0
5.0,2.19,0.0
5.0,2.192,0.0
5.0,2.194,0.0
5.0,2.196,0.0
5.0,2.198,0.0
5.0,2.2,0.0
5.0,2.202,0.0
5.0,2.204,0.0
5.0,2.206,0.0
5.0,2.208,0.0
5.0,2.21,0.0
5.0,2.212,0.0
5.0,2.214,0.0
5.0,2.216,0.0
5.0,2.218,0.0
5.0,2.22,0.0
5.0,2.222,0.0
5.0,2.224,0.0
5.0,2.226,0.0
5.0,2.228,0.0
5.0,2.23,0.0
5.0,2.232,0.0
5.0,2.234,0.0
5.0,2.236,0.0
5.0,2.238,0.0
5.0,2.24,0.0
5.0,2.242,0.0
5.0,2.244,0.0
5.0,2.246,0.0
5.0,2.248,0.0
5.0,2.25,0.0
5.0,2.2520000000000002,0.0
5.0,2.254,0.0
5.0,2.2560000000000002,0.0
5.0,2.258,0.0
5.0,2.2600000000000002,0.0
5.0,2.262,0.0
5.0,2.2640000000000002,0.0
5.0,2.266,0.0
5.0,2.2680000000000002,0.0
5.0,2.27,0.0
5.0,2.2720000000000002,0.0
5.0,2.274,0.0
5.0,2.2760000000000002,0.0
5.0,2.278,0.0
5.0,2.2800000000000002,0.0
5.0,2.282,0.0
5.0,2.2840000000000003,0.0
5.0,2.286,0.0
5.0,2.2880000000000003,0.0
5.0,2.29,0.0
5.0,2.2920000000000003,0.0
5.0,2.294,0.0
5.0,2.2960000000000003,0.0
5.0,2.298,0.0
5.0,2.3000000000000003,0.0
5.0,2.302,0.0
5.0,2.3040000000000003,0.0
5.0,2.306,0.0
5.0,2.308,0.0
5.0,2.31,0.0
5.0,2.312,0.0
5.0,2.314,0.0
5.0,2.316,0.0
5.0,2.318,0.0
5.0,2.32,0.0
5.0,2.322,0.0
5.0,2.324,0.0
5.0,2.326,0.0
5.0,2.328,0.0
5.0,2.33,0.0
5.0,2.332,0.0
5.0,2.334,0.0
5.0,2.336,0.0
5.0,2.338,0.0
5.0,2.34,0.0
5.0,2.342,0.0
5.0,2.344,0.0
5.0,2.346,0.0
5.0,2.348,0.0
5.0,2.35,0.0
5.0,2.352,0.0
5.0,2.354,0.0
5.0,2.356,0.0
5.0,2.358,0.0
5.0,2.36,0.0
5.0,2.362,0.0
5.0,2.364,0.0
5.0,2.366,0.0
5.0,2.368,0.0
5.0,2.37,0.0
5.0,2.372,0.0
5.0,2.374,0.0
5.0,2.376,0.0
5.0,2.378,0.0
5.0,2.38,0.0
5.0,2.382,0.0
5.0,2.384,0.0
5.0,2.386,0.0
5.0,2.388,0.0
5.0,2.39,0.0
5.0,2.392,0.0
5.0,2.394,0.0
5.0,2.396,0.0
5.0,2.398,0.0
5.0,2.4,0.0
5.0,2.402,0.0
5.0,2.404,0.0
5.0,2.406,0.0
5.0,2.408,0.0
5.0,2.41,0.0
5.0,2.412,0.0
5.0,2.414,0.0
5.0,2.416,0.0
5.0,2.418,0.0
5.0,2.42,0.0
5.0,2.422,0.0
5.0,2.424,0.0
5.0,2.426,0.0
5.0,2.428,0.0
5.0,2.43,0.0
5.0,2.432,0.0
5.0,2.434,0.0
5.0,2.436,0.0
5.0,2.438,0.0
5.0,2.44,0.0
5.0,2.442,0.0
5.0,2.444,0.0
5.0,2.446,0.0
5.0,2.448,0.0
5.0,2.45,0.0
5.0,2.452,0.0
5.0,2.454,0.0
5.0,2.456,0.0
5.0,2.458,0.0
5.0,2.46,0.0
5.0,2.462,0.0
5.0,2.464,0.0
5.0,2.466,0.0
5.0,2.468,0.0
5.0,2.47,0.0
5.0,2.472,0.0
5.0,2.474,0.0
5.0,2.476,0.0
5.0,2.478,0.0
5.0,2.48,0.0
5.0,2.482,0.0
5.0,2.484,0.0
5.0,2.486,0.0
5.0,2.488,0.0
5.0,2.49,0.0
5.0,2.492,0.0
5.0,2.494,0.0
5.0,2.496,0.0
5.0,2.498,0.0
5.0,2.5,0.0
6.0,0.0,0.0
6.0,0.002,0.0
6.0,0.004,0.0
6.0,0.006,0.0
6.0,0.008,0.0
6.0,0.01,0.0
6.0,0.012,0.0
6.0,0.014,0.0
6.0,0.016,0.0
6.0,0.018000000000000002,0.0
6.0,0.02,0.0
6.0,0.022,0.0
6.0,0.024,0.0
6.0,0.026000000000000002,0.0
6.0,0.028,0.0
6.0,0.03,0.0
6.0,0.032,0.0
6.0,0.034,0.0
6.0,0.036000000000000004,0.0
6.0,0.038,0.0
6.0,0.04,0.0
6.0,0.042,0.0
6.0,0.044,0.0
6.0,0.046,0.0
6.0,0.048,0.0
6.0,0.05,0.0
6.0,0.052000000000000005,0.0
6.0,0.054,0.0
6.0,0.056,0.0
6.0,0.058,0.0
6.0,0.06,0.0
6.0,0.062,0.0
6.0,0.064,0.0
6.0,0.066,0.0
6.0,0.068,0.0
6.0,0.07,0.0
6.0,0.07200000000000001,0.0
6.0,0.074,0.0
6.0,0.076,0.0
6.0,0.078,0.0
6.0,0.08,0.0
6.0,0.082,0.0
6.0,0.084,0.0
6.0,0.08600000000000001,0.0
6.0,0.088,0.0
6.0,0.09,0.0
6.0,0.092,0.0
6.0,0.094,0.0
6.0,0.096,0.0
6.0,0.098,0.0
6.0,0.1,0.0
6.0,0.10200000000000001,0.0
6.0,0.10400000000000001,0.0
6.0,0.106,0.0
6.0,0.108,0.0
6.0,0.11,0.0
6.0,0.112,0.0
6.0,0.114,0.0
6.0,0.116,0.0
6.0,0.11800000000000001,0.0
6.0,0.12,0.0
6.0,0.122,0.0
6.0,0.124,0.0
6.0,0.126,0.0
6.0,0.128,0.0
6.0,0.13,0.0
6.0,0.132,2.1650994594551684e-08
6.0,0.134,2.3132512415921786e-07
6.0,0.136,1.2988088009871908e-06
6.0,0.138,5.10780028974901e-06
6.0,0.14,1.5821525841922834e-05
6.0,0.14200000000000002,4.11513679239294e-05
6.0,0.14400000000000002,9.356232419574087e-05
6.0,0.146,0.00019113107514862195
6.0,0.148,0.00035784947294600233
6.0,0.15,0.0006232962545592889
6.0,0.152,0.0010217307979866778
6.0,0.154,0.0015907574132561087
6.0,0.156,0.00236975266140755
6.0,0.158,0.0033982462306677563
6.0,0.16,0.004714412705569256
6.0,0.162,0.006353783682052999
6.0,0.164,0.008348240463861359
6.0,0.166,0.010725305413741585
6.0,0.168,0.013507718692486938
6.0,0.17,0.016713267019530294
6.0,0.17200000000000001,0.0203548207140821
6.0,0.17400000000000002,0.024444469456834747
6.0,0.176,0.028987727579570074
6.0,0.178,0.03398423669126817
6.0,0.18,0.03943008202773407
6.0,0.182,0.045318348851168054
6.0,0.184,0.05163946063251165
6.0,0.186,0.058381578830919795
6.0,0.188,0.0655309988293551
6.0,0.19,0.07307252173246664
6.0,0.192,0.08098979382772056
6.0,0.194,0.08926561053523012
6.0,0.196,0.09788218433359562
6.0,0.198,0.1068213777172062
6.0,0.2,0.1160649031812101
6.0,0.202,0.12559449276711157
6.0,0.20400000000000001,0.13539203996540053
6.0,0.20600000000000002,0.14543971684826257
6.0,0.20800000000000002,0.15572006925614926
6.0,0.21,0.1662160927308012
6.0,0.212,0.17691129170607794
6.0,0.214,0.18779889042025416
6.0,0.216,0.19886745644025008
6.0,0.218,0.21009993278446965
6.0,0.22,0.22148002484684792
6.0,0.222,0.2329929350318747
6.0,0.224,0.2446248633971407
6.0,0.226,0.2563628301676801
6.0,0.228,0.26819458932463947
6.0,0.23,0.28010857603617284
6.0,0.232,0.29209386865632253
6.0,0.234,0.3041401575928143
6.0,0.23600000000000002,0.31623771764171693
6.0,0.23800000000000002,0.32837738219951834
6.0,0.24,0.34055051859624885
6.0,0.242,0.35274900419808036
6.0,0.244,0.36496520313056086
6.0,0.246,0.3771919435755699
6.0,0.248,0.3894224956447352
6.0,0.25,0.40165054985397
6.0,0.252,0.41387019623089777
6.0,0.254,0.4260856654368727
6.0,0.256,0.4382963908474898
6.0,0.258,0.4504946495835123
6.0,0.26,0.46267313182435044
6.0,0.262,0.47482597041298646
6.0,0.264,0.486948089045549
6.0,0.266,0.49903496334086184
6.0,0.268,0.5110825030612112
6.0,0.27,0.5230869825629655
6.0,0.272,0.5350449942771495
6.0,0.274,0.5469534146590478
6.0,0.276,0.5588093775646193
6.0,0.278,0.5706102524046093
6.0,0.28,0.5823536255769765
6.0,0.28200000000000003,0.5940372842759519
6.0,0.28400000000000003,0.6056592021069238
6.0,0.28600000000000003,0.6172175261292625
6.0,0.28800000000000003,0.6287105650666522
6.0,0.29,0.6401367784987531
6.0,0.292,0.6514947668965304
6.0,0.294,0.6627926454861776
6.0,0.296,0.6740331362697771
6.0,0.298,0.6852123321967549
6.0,0.3,0.6963266793175803
6.0,0.302,0.7073737833368936
6.0,0.304,0.7183518201756944
6.0,0.306,0.7292593217885904
6.0,0.308,0.7400950734283777
6.0,0.31,0.7508580555797065
6.0,0.312,0.7615474072603521
6.0,0.314,0.7721624008451546
6.0,0.316,0.7827024236786952
6.0,0.318,0.793166963974241
6.0,0.32,0.8035555995756973
6.0,0.322,0.8138679887240683
6.0,0.324,0.8241038622847723
6.0,0.326,0.834263017076988
6.0,0.328,0.8443453100595706
6.0,0.33,0.8543506532002357
6.0,0.332,0.8642790089021519
6.0,0.334,0.8741395784143817
6.0,0.336,0.883934790939232
6.0,0.338,0.8936619373368255
6.0,0.34,0.9033189479995095
6.0,0.342,0.9129046426704772
6.0,0.34400000000000003,0.9224182692285491
6.0,0.34600000000000003,0.9318593315961311
6.0,0.34800000000000003,0.941227506687031
6.0,0.35000000000000003,0.9505225977893074
6.0,0.352,0.9597445055870936
6.0,0.354,0.9688932087515769
6.0,0.356,0.9779687501759274
6.0,0.358,0.9869712267616907
6.0,0.36,0.995900781559353
6.0,0.362,1.0047575975379903
6.0,0.364,1.0135418925239033
6.0,0.366,1.0222539150045595
6.0,0.368,1.0308939405905106
6.0,0.37,1.0394622689895479
6.0,0.372,1.0479592213879256
6.0,0.374,1.0563944192909966
6.0,0.376,1.0647688365317505
6.0,0.378,1.0730800835110827
6.0,0.38,1.0813268407813428
6.0,0.382,1.0895084246334426
6.0,0.384,1.0976244699661304
6.0,0.386,1.1056748032113477
6.0,0.388,1.1136593789148868
6.0,0.39,1.121578243556045
6.0,0.392,1.1294315129158474
6.0,0.394,1.137219356924995
6.0,0.396,1.1449419889741486
6.0,0.398,1.1525996580522277
6.0,0.4,1.160192642766353
6.0,0.402,1.167721246665101
6.0,0.404,1.1751857944955428
6.0,0.406,1.1825866291489255
6.0,0.40800000000000003,1.1899241091270538
6.0,0.41000000000000003,1.1971986064110576
6.0,0.41200000000000003,1.2044113544933546
6.0,0.41400000000000003,1.2115705685702463
6.0,0.41600000000000004,1.2186761476745531
6.0,0.418,1.2257260706317223
6.0,0.42,1.232719446945652
6.0,0.422,1.2396558382435514
6.0,0.424,1.246535044543423
6.0,0.426,1.2533570119656006
6.0,0.428,1.2601217849826862
6.0,0.43,1.2668294786121552
6.0,0.432,1.2734802608045548
6.0,0.434,1.2800743405653143
6.0,0.436,1.2866119595424492
6.0,0.438,1.2930933858319942
6.0,0.44,1.2995189092694466
6.0,0.442,1.3058888377556888
6.0,0.444,1.3122034943266265
6.0,0.446,1.318463214772423
6.0,0.448,1.3246683456726536
6.0,0.45,1.3308192427528203
6.0,0.452,1.3369187115888141
6.0,0.454,1.3429720179459665
6.0,0.456,1.3489786437806544
6.0,0.458,1.354937139284357
6.0,0.46,1.360846869816526
6.0,0.462,1.3667075386699599
6.0,0.464,1.372519031250447
6.0,0.466,1.3782813460749737
6.0,0.468,1.3839945584142173
6.0,0.47000000000000003,1.389658798831771
6.0,0.47200000000000003,1.395274239453031
6.0,0.47400000000000003,1.4008410846328605
6.0,0.47600000000000003,1.4063595643080808
6.0,0.47800000000000004,1.4118299290816398
6.0,0.48,1.4172524464747742
6.0,0.482,1.4226273979967246
6.0,0.484,1.4279550768048674
6.0,0.486,1.4332357858027722
6.0,0.488,1.438469836070663
6.0,0.49,1.4436575455533087
6.0,0.492,1.4488030294987844
6.0,0.494,1.453909003285892
6.0,0.496,1.4589745906276337
6.0,0.498,1.463998810619715
6.0,0.5,1.4689812296067055
6.0,0.502,1.4739216554241898
6.0,0.504,1.4788200308642934
6.0,0.506,1.4836763844820726
6.0,0.508,1.4884908039162503
6.0,0.51,1.4932634198069545
6.0,0.512,1.497994395341174
6.0,0.514,1.5026839190591936
6.0,0.516,1.5073321996803903
6.0,0.518,1.5119394622469888
6.0,0.52,1.5165059451655611
6.0,0.522,1.521031897882148
6.0,0.524,1.5255175790182027
6.0,0.526,1.529963254850411
6.0,0.528,1.5343691980528817
6.0,0.53,1.53873568664345
6.0,0.532,1.543067867544092
6.0,0.534,1.5473663373819253
6.0,0.536,1.5516299439762056
6.0,0.538,1.5558580890473215
6.0,0.54,1.5600505002518255
6.0,0.542,1.5642070669535832
6.0,0.544,1.568327774439744
6.0,0.546,1.5724126711469408
6.0,0.548,1.5764618500216743
6.0,0.55,1.5804754369124325
6.0,0.552,1.5844535828429773
6.0,0.554,1.5883964585994745
6.0,0.556,1.5923042507822134
6.0,0.558,1.5961771588299727
6.0,0.56,1.6000153927163752
6.0,0.562,1.6038191711261358
6.0,0.5640000000000001,1.607588719983803
6.0,0.5660000000000001,1.611324271247769
6.0,0.5680000000000001,1.6150260619081505
6.0,0.5700000000000001,1.6186955031065706
6.0,0.5720000000000001,1.622336148608592
6.0,0.5740000000000001,1.62594778547323
6.0,0.5760000000000001,1.6295295095670927
6.0,0.578,1.633080936335201
6.0,0.58,1.636601893801173
6.0,0.582,1.6400923235235192
6.0,0.584,1.64355223709639
6.0,0.586,1.6469816933659687
6.0,0.588,1.6503807850433563
6.0,0.59,1.653749630170711
6.0,0.592,1.6570883663392157
6.0,0.594,1.6603971465817047
6.0,0.596,1.6636761363427561
6.0,0.598,1.6669255111740056
6.0,0.6,1.6701454549361572
6.0,0.602,1.6733361583663189
6.0,0.604,1.676497817915896
6.0,0.606,1.6796306347935592
6.0,0.608,1.6827348141668284
6.0,0.61,1.68581298328792
6.0,0.612,1.6888666735152782
6.0,0.614,1.691895336775256
6.0,0.616,1.6948984096948192
6.0,0.618,1.6978756484083135
6.0,0.62,1.7008269513685113
6.0,0.622,1.703752296962075
6.0,0.624,1.7066517145156088
6.0,0.626,1.709525268501358
6.0,0.628,1.7123730489852544
6.0,0.63,1.7151951437508455
6.0,0.632,1.7179915109372432
6.0,0.634,1.720761617253954
6.0,0.636,1.7235037251758591
6.0,0.638,1.7262138255549933
6.0,0.64,1.7288843675986052
6.0,0.642,1.731503052292018
6.0,0.644,1.7340519734186903
6.0,0.646,1.7365073133162916
6.0,0.648,1.7388397831441036
6.0,0.65,1.741018398782174
6.0,0.652,1.7430056024484275
6.0,0.654,1.7447612832137502
6.0,0.656,1.7462456052527224
6.0,0.658,1.7474202573317417
6.0,0.66,1.7482496597823718
6.0,0.662,1.7487019370569283
6.0,0.664,1.748749608476011
6.0,0.666,1.7483700011032464
6.0,0.668,1.747545414429201
6.0,0.67,1.7462630789238334
6.0,0.672,1.7445110171648293
6.0,0.674,1.7422838362660884
6.0,0.676,1.7395820235236135
6.0,0.678,1.7364096287228368
6.0,0.68,1.7327737066722853
6.0,0.682,1.7286839781582832
6.0,0.684,1.724152429456465
6.0,0.686,1.7191929158058765
6.0,0.6880000000000001,1.7138220344298833
6.0,0.6900000000000001,1.7080577167615534
6.0,0.6920000000000001,1.7019169052963468
6.0,0.6940000000000001,1.6954169305914577
6.0,0.6960000000000001,1.6885757377363804
6.0,0.6980000000000001,1.6814115344950513
6.0,0.7000000000000001,1.6739425707737152
6.0,0.7020000000000001,1.6661869737111648
6.0,0.704,1.658162618259037
6.0,0.706,1.649887024668832
6.0,0.708,1.641377277834329
6.0,0.71,1.6326499648697006
6.0,0.712,1.6237119618842615
6.0,0.714,1.614574808741004
6.0,0.716,1.6052556756204046
6.0,0.718,1.595770975066978
6.0,0.72,1.5861356265307214
6.0,0.722,1.5763635550542425
6.0,0.724,1.566467868204731
6.0,0.726,1.5564609420221671
6.0,0.728,1.5463565193817157
6.0,0.73,1.5361658117492205
6.0,0.732,1.5258986600210935
6.0,0.734,1.5155645444232844
6.0,0.736,1.5051725261093434
6.0,0.738,1.4947312011835403
6.0,0.74,1.4842486964860697
6.0,0.742,1.4737326789022316
6.0,0.744,1.4631903701308635
6.0,0.746,1.452628563871533
6.0,0.748,1.4420536440619725
6.0,0.75,1.4314716034665536
6.0,0.752,1.4208783008728285
6.0,0.754,1.4102743977431214
6.0,0.756,1.399667716201469
6.0,0.758,1.38906566894217
6.0,0.76,1.378474228996915
6.0,0.762,1.3678985810302333
6.0,0.764,1.357343359841841
6.0,0.766,1.3468134531874774
6.0,0.768,1.336313896800891
6.0,0.77,1.3258479678406985
6.0,0.772,1.315418448314303
6.0,0.774,1.3050280637550766
6.0,0.776,1.2946793879653844
6.0,0.778,1.284374823084526
6.0,0.78,1.2741165986439313
6.0,0.782,1.263906776887429
6.0,0.784,1.2537472603604203
6.0,0.786,1.2436398002557678
6.0,0.788,1.2335860048763445
6.0,0.79,1.223587347925692
6.0,0.792,1.2136357934043243
6.0,0.794,1.2037287026427594
6.0,0.796,1.1938700693895585
6.0,0.798,1.1840635370659942
6.0,0.8,1.1743115917318852
6.0,0.802,1.164616151126436
6.0,0.804,1.1549787785192063
6.0,0.806,1.1454021000942716
6.0,0.808,1.1358874636207472
6.0,0.81,1.1264354360732294
6.0,0.812,1.117046562604714
6.0,0.8140000000000001,1.107721380220896
6.0,0.8160000000000001,1.0984603760609035
6.0,0.8180000000000001,1.0892639773388637
6.0,0.8200000000000001,1.0801325502186179
6.0,0.8220000000000001,1.0710664017753964
6.0,0.8240000000000001,1.0620657830786786
6.0,0.8260000000000001,1.0531308926315974
6.0,0.8280000000000001,1.044261879844586
6.0,0.8300000000000001,1.0354588484031935
6.0,0.8320000000000001,1.0267126669507136
6.0,0.834,1.0180209792796082
6.0,0.836,1.0093865700722817
6.0,0.838,1.000811586579499
6.0,0.84,0.9922972884353847
6.0,0.842,0.983844508568301
6.0,0.844,0.9754542279367532
6.0,0.846,0.9671277618105782
6.0,0.848,0.9588652391441047
6.0,0.85,0.9506665161384078
6.0,0.852,0.9425315163858279
6.0,0.854,0.9344601592873437
6.0,0.856,0.926452342487954
6.0,0.858,0.9185079374553224
6.0,0.86,0.9106267892438786
6.0,0.862,0.9028087177399163
6.0,0.864,0.895053519415469
6.0,0.866,0.8873609692059842
6.0,0.868,0.8797308223529644
6.0,0.87,0.8721628161474247
6.0,0.872,0.8646473904217135
6.0,0.874,0.8571836350189551
6.0,0.876,0.8497740051359358
6.0,0.878,0.8424198874007754
6.0,0.88,0.8351220340063435
6.0,0.882,0.8278808796074715
6.0,0.884,0.8206975290494087
6.0,0.886,0.8135723094668763
6.0,0.888,0.8065049871516172
6.0,0.89,0.799495317312914
6.0,0.892,0.7925430786788618
6.0,0.894,0.7856480429390812
6.0,0.896,0.77880996720634
6.0,0.898,0.7720285925904524
6.0,0.9,0.7653036447486554
6.0,0.902,0.7586348350922588
6.0,0.904,0.752021862167403
6.0,0.906,0.745464413023354
6.0,0.908,0.7389621644973293
6.0,0.91,0.732513934546571
6.0,0.912,0.7261115615644782
6.0,0.914,0.7197552018596589
6.0,0.916,0.7134469333869283
6.0,0.918,0.7071877046052312
6.0,0.92,0.7009780128199997
6.0,0.922,0.6948183566316267
6.0,0.924,0.6887095151659332
6.0,0.926,0.6826514103361899
6.0,0.928,0.6766437584802816
6.0,0.93,0.6706863257436718
6.0,0.932,0.6647788793375803
6.0,0.934,0.6589211763562091
6.0,0.936,0.6531129613482373
6.0,0.9380000000000001,0.647353966499564
6.0,0.9400000000000001,0.6416439126424281
6.0,0.9420000000000001,0.6359825104832024
6.0,0.9440000000000001,0.6303694618270306
6.0,0.9460000000000001,0.624804460719571
6.0,0.9480000000000001,0.6192871944819832
6.0,0.9500000000000001,0.6138149025426469
6.0,0.9520000000000001,0.6083823657355515
6.0,0.9540000000000001,0.602990150009264
6.0,0.9560000000000001,0.5976397541477108
6.0,0.9580000000000001,0.5923318626433512
6.0,0.96,0.587066822769776
6.0,0.962,0.5818453542476656
6.0,0.964,0.5766676895994116
6.0,0.966,0.5715336373051048
6.0,0.968,0.5664429771762834
6.0,0.97,0.5613955031396752
6.0,0.972,0.5563910025632302
6.0,0.974,0.5514292519180831
6.0,0.976,0.5465100164672442
6.0,0.978,0.5416330511200487
6.0,0.98,0.5367981015916624
6.0,0.982,0.5320049055780284
6.0,0.984,0.5272531938484107
6.0,0.986,0.5225426912279898
6.0,0.988,0.5178731174694873
6.0,0.99,0.513240396474458
6.0,0.992,0.5086418531973581
6.0,0.994,0.5040784052258397
6.0,0.996,0.4995510755552454
6.0,0.998,0.4950603405755297
6.0,1.0,0.4906065619228284
6.0,1.002,0.4861903287754845
6.0,1.004,0.48181160153858416
6.0,1.006,0.47747017625264365
6.0,1.008,0.47316587834334806
6.0,1.01,0.46889853008607035
6.0,1.012,0.4646679440258835
6.0,1.014,0.4604739221274734
6.0,1.016,0.4563162564832094
6.0,1.018,0.4521947304237619
6.0,1.02,0.4481091196652257
6.0,1.022,0.444059193374871
6.0,1.024,0.4400447151237739
6.0,1.026,0.43606544372551426
6.0,1.028,0.43212113397069496
6.0,1.03,0.42820667281720903
6.0,1.032,0.42432149839033234
6.0,1.034,0.4204667983341966
6.0,1.036,0.41664320696962615
6.0,1.038,0.4128510331479067
6.0,1.04,0.4090907588404938
6.0,1.042,0.4053625970348226
6.0,1.044,0.4016664330377156
6.0,1.046,0.398002110835981
6.0,1.048,0.3943694820247047
6.0,1.05,0.3907683912314938
6.0,1.052,0.3871986735940784
6.0,1.054,0.3836601549936953
6.0,1.056,0.3801526529954666
6.0,1.058,0.37667597791517005
6.0,1.06,0.37322993383339587
6.0,1.062,0.36981431950639887
6.0,1.064,0.3664289291668657
6.0,1.066,0.3630735532226078
6.0,1.068,0.35974680890303173
6.0,1.07,0.3564451716023412
6.0,1.072,0.35316888406174035
6.0,1.074,0.3499188807340331
6.0,1.076,0.34669557691224706
6.0,1.078,0.3434992167748791
6.0,1.08,0.3403302610632856
6.0,1.082,0.33718870396145206
6.0,1.084,0.33407440537923844
6.0,1.086,0.3309872430700979
6.0,1.088,0.32792709013045407
6.0,1.09,0.324893810980416
6.0,1.092,0.32188726122793065
6.0,1.094,0.3189072884977939
6.0,1.096,0.31595373345174677
6.0,1.098,0.31302643077129516
6.0,1.1,0.3101252100397418
6.0,1.102,0.3072498965139068
6.0,1.104,0.30440031179352467
6.0,1.106,0.30157627440102697
6.0,1.108,0.29877518148517274
6.0,1.11,0.2959955266636697
6.0,1.112,0.2932378834512909
6.0,1.114,0.29050284103641744
6.0,1.116,0.2877906693985612
6.0,1.118,0.2851016719046029
6.0,1.12,0.2824360514825542
6.0,1.122,0.2797937482308797
6.0,1.124,0.2771746516486812
6.0,1.1260000000000001,0.2745786561257721
6.0,1.1280000000000001,0.27200564986987363
6.0,1.1300000000000001,0.26945551329070944
6.0,1.1320000000000001,0.2669281193941314
6.0,1.1340000000000001,0.26442333463553047
6.0,1.1360000000000001,0.26194101981846457
6.0,1.1380000000000001,0.2594810309215128
6.0,1.1400000000000001,0.25704321982661255
6.0,1.1420000000000001,0.2546274349509308
6.0,1.1440000000000001,0.2522335217928235
6.0,1.1460000000000001,0.24986121079073392
6.0,1.1480000000000001,0.24750724754153397
6.0,1.1500000000000001,0.24517160679107172
6.0,1.1520000000000001,0.24285504451740755
6.0,1.154,0.2405578887354438
6.0,1.156,0.23828029818231888
6.0,1.158,0.236022592828326
6.0,1.16,0.23378480224061926
6.0,1.162,0.23156683469222847
6.0,1.164,0.22936860085596164
6.0,1.166,0.22719000839619746
6.0,1.168,0.2250309583533771
6.0,1.17,0.22289134501872276
6.0,1.172,0.2207710565960818
6.0,1.174,0.21866997600433394
6.0,1.176,0.21658798164152135
6.0,1.178,0.21452494806464711
6.0,1.18,0.21248074658045557
6.0,1.182,0.21045524575515345
6.0,1.184,0.20844831185398727
6.0,1.186,0.20645856390537792
6.0,1.188,0.20448444192145135
6.0,1.19,0.2025262260203322
6.0,1.192,0.2005843914391997
6.0,1.194,0.19865914905500487
6.0,1.196,0.19675066112697367
6.0,1.198,0.1948591173073247
6.0,1.2,0.19298449108442975
6.0,1.202,0.19112670025873527
6.0,1.204,0.1892856673800824
6.0,1.206,0.18746131046924347
6.0,1.208,0.18565354169334472
6.0,1.21,0.18386226766394795
6.0,1.212,0.1820873900923728
6.0,1.214,0.1803288064755106
6.0,1.216,0.1785864107230248
6.0,1.218,0.17686009370699451
6.0,1.22,0.17514974373674597
6.0,1.222,0.17345524696769105
6.0,1.224,0.17177648775382387
6.0,1.226,0.17011130276780909
6.0,1.228,0.16845941717736806
6.0,1.23,0.16682131488126747
6.0,1.232,0.16519725622920434
6.0,1.234,0.16358736217280864
6.0,1.236,0.1619917958923632
6.0,1.238,0.16041062926934674
6.0,1.24,0.1588438123287084
6.0,1.242,0.15729127558846284
6.0,1.244,0.15575294989057314
6.0,1.246,0.15422876178433217
6.0,1.248,0.15271863304020503
6.0,1.25,0.151222481030498
6.0,1.252,0.14974021928627607
6.0,1.254,0.1482717580479654
6.0,1.256,0.14681700476106238
6.0,1.258,0.1453758645087538
6.0,1.26,0.1439482403856747
6.0,1.262,0.1425340338202722
6.0,1.264,0.14113245945173786
6.0,1.266,0.139742219593159
6.0,1.268,0.1383634572524176
6.0,1.27,0.13699652671642681
6.0,1.272,0.135641581462523
6.0,1.274,0.1342986912319593
6.0,1.276,0.13296801148172632
6.0,1.278,0.13164954224011607
6.0,1.28,0.13034322293072167
6.0,1.282,0.12904899447431073
6.0,1.284,0.12776679542839148
6.0,1.286,0.1264965603771675
6.0,1.288,0.12523821998782644
6.0,1.29,0.12399170143450593
6.0,1.292,0.12275692887643838
6.0,1.294,0.12153382390473176
6.0,1.296,0.12032230593720238
6.0,1.298,0.11912229256073462
6.0,1.3,0.11793369982656157
6.0,1.302,0.11675644250504523
6.0,1.304,0.11558911937707075
6.0,1.306,0.11443141258229199
6.0,1.308,0.11328362665893604
6.0,1.31,0.11214595471531946
6.0,1.312,0.11101848311655105
6.0,1.314,0.1099012702330603
6.0,1.316,0.10879440881076934
6.0,1.318,0.10769787508007642
6.0,1.32,0.10661161343271479
6.0,1.322,0.10553557103681545
6.0,1.324,0.10446969265271305
6.0,1.326,0.10341391986313066
6.0,1.328,0.10236819121497577
6.0,1.33,0.10133244256916914
6.0,1.332,0.10030660747418038
6.0,1.334,0.09929061751140497
6.0,1.336,0.09828440260021383
6.0,1.338,0.09728789126311836
6.0,1.34,0.09630101085525354
6.0,1.342,0.09532328486343666
6.0,1.344,0.09435372963253012
6.0,1.346,0.09339242157380692
6.0,1.348,0.09243961255192565
6.0,1.35,0.09149540912557483
6.0,1.352,0.09055985787525715
6.0,1.354,0.08963301099882622
6.0,1.356,0.08871491097540911
6.0,1.358,0.08780552571549938
6.0,1.36,0.08690480660154146
6.0,1.362,0.08601270619861984
6.0,1.364,0.08512917505225712
6.0,1.366,0.08425416124350753
6.0,1.368,0.08338761052982342
6.0,1.37,0.0825294666199285
6.0,1.372,0.08167967146123899
6.0,1.374,0.08083816550505749
6.0,1.3760000000000001,0.08000488794136267
6.0,1.3780000000000001,0.0791797769036446
6.0,1.3800000000000001,0.07836276964685994
6.0,1.3820000000000001,0.0775529418510307
6.0,1.3840000000000001,0.07675001890808424
6.0,1.3860000000000001,0.0759541952078522
6.0,1.3880000000000001,0.07516560698749215
6.0,1.3900000000000001,0.07438431286422242
6.0,1.3920000000000001,0.07361033506723294
6.0,1.3940000000000001,0.07284371666255776
6.0,1.3960000000000001,0.07208447017721359
6.0,1.3980000000000001,0.07133256056577181
6.0,1.4000000000000001,0.07058794507514037
6.0,1.4020000000000001,0.06985058128874996
6.0,1.4040000000000001,0.06912042515848424
6.0,1.4060000000000001,0.06839743075116526
6.0,1.408,0.06768155037326092
6.0,1.41,0.06697273478316414
6.0,1.412,0.06627093341033036
6.0,1.414,0.06557609455757152
6.0,1.416,0.06488816558080021
6.0,1.418,0.06420709304651226
6.0,1.42,0.06353258397443637
6.0,1.422,0.06286391886365031
6.0,1.424,0.06220113715549316
6.0,1.426,0.0615444133836017
6.0,1.428,0.0608938193862493
6.0,1.43,0.06024938491270045
6.0,1.432,0.05961111720683822
6.0,1.434,0.058979048952084896
6.0,1.436,0.05835317638791003
6.0,1.438,0.05773346489250628
6.0,1.44,0.05711987676314237
6.0,1.442,0.05651237426469432
6.0,1.444,0.0559109183893554
6.0,1.446,0.05531546870648113
6.0,1.448,0.054725983464088246
6.0,1.45,0.05414241975017466
6.0,1.452,0.05356473365859051
6.0,1.454,0.0529928804426809
6.0,1.456,0.05242681465245401
6.0,1.458,0.05186649025533557
6.0,1.46,0.05131130675953636
6.0,1.462,0.0507610378372442
6.0,1.464,0.05021580450718738
6.0,1.466,0.049675701206393606
6.0,1.468,0.04914076672506892
6.0,1.47,0.04861101420254303
6.0,1.472,0.048086442104130225
6.0,1.474,0.04756707282413628
6.0,1.476,0.04705289512023514
6.0,1.478,0.04654387674580202
6.0,1.48,0.04603998441152256
6.0,1.482,0.04554118471611904
6.0,1.484,0.045047443304889655
6.0,1.486,0.04455872476705861
6.0,1.488,0.044074992711501816
6.0,1.49,0.04359620988678692
6.0,1.492,0.04312233830552146
6.0,1.494,0.04265333936037991
6.0,1.496,0.0421891739283574
6.0,1.498,0.04172967624593926
6.0,1.5,0.041274318124097896
6.0,1.502,0.040823114439208316
6.0,1.504,0.04037618538924949
6.0,1.506,0.03993357881473289
6.0,1.508,0.03949531317923421
6.0,1.51,0.039061391335070764
6.0,1.512,0.03863180654098946
6.0,1.514,0.038206571664958305
6.0,1.516,0.03778567325386301
6.0,1.518,0.037369082381988314
6.0,1.52,0.03695676964322408
6.0,1.522,0.03654870560763552
6.0,1.524,0.03614486017158877
6.0,1.526,0.03574520246733033
6.0,1.528,0.03534970091221008
6.0,1.53,0.03495832329485672
6.0,1.532,0.03457103686681665
6.0,1.534,0.03418780842927921
6.0,1.536,0.03380860441175156
6.0,1.538,0.03343305648746739
6.0,1.54,0.033060969443707094
6.0,1.542,0.03269241263832819
6.0,1.544,0.03232745226780565
6.0,1.546,0.03196611403796785
6.0,1.548,0.0316084054592242
6.0,1.55,0.03125432377581948
6.0,1.552,0.030903859675699415
6.0,1.554,0.030557018002224465
6.0,1.556,0.030213786132922357
6.0,1.558,0.029874138868417867
6.0,1.56,0.029538050303922737
6.0,1.562,0.029205494660134196
6.0,1.564,0.028876445711772322
6.0,1.566,0.028550876693808784
6.0,1.568,0.02822876032779008
6.0,1.57,0.02791006888175827
6.0,1.572,0.02759477423700197
6.0,1.574,0.027282847952527216
6.0,1.576,0.026974220194426846
6.0,1.578,0.02666849108384619
6.0,1.58,0.026365657302654732
6.0,1.582,0.026065802583129537
6.0,1.584,0.02576895896890525
6.0,1.586,0.025475137842662657
6.0,1.588,0.025184339721883522
6.0,1.59,0.024896558497472524
6.0,1.592,0.024611783630800493
6.0,1.594,0.02433001345104841
6.0,1.596,0.024051237518308417
6.0,1.598,0.02377543429630089
6.0,1.6,0.023502581009684467
6.0,1.602,0.023232655178878837
6.0,1.604,0.022965634066179307
6.0,1.606,0.022701494570046887
6.0,1.608,0.02244021323108752
6.0,1.61,0.02218176627081779
6.0,1.612,0.021926129638854975
6.0,1.614,0.021673279060027376
6.0,1.616,0.021423014607243388
6.0,1.618,0.021175156897887612
6.0,1.62,0.020929738467674232
6.0,1.622,0.02068680732645526
6.0,1.624,0.0204463810135615
6.0,1.6260000000000001,0.02020846389042086
6.0,1.6280000000000001,0.019973053044080303
6.0,1.6300000000000001,0.019740140981585812
6.0,1.6320000000000001,0.019509717081047144
6.0,1.6340000000000001,0.019281774913929666
6.0,1.6360000000000001,0.019056306741721252
6.0,1.6380000000000001,0.01883329450101281
6.0,1.6400000000000001,0.01861271828548205
6.0,1.6420000000000001,0.018394558624081164
6.0,1.6440000000000001,0.01817879592662368
6.0,1.6460000000000001,0.017965410367868043
6.0,1.6480000000000001,0.017754381878696022
6.0,1.6500000000000001,0.017545690169556767
6.0,1.6520000000000001,0.017339314763360036
6.0,1.6540000000000001,0.017135235029767586
6.0,1.6560000000000001,0.01693318056996189
6.0,1.6580000000000001,0.01673311758955297
6.0,1.6600000000000001,0.016535097682334812
6.0,1.6620000000000001,0.016339144516083804
6.0,1.6640000000000001,0.016145265791149284
6.0,1.666,0.015953461258283588
6.0,1.668,0.015763725950561584
6.0,1.67,0.01557605180070729
6.0,1.672,0.01539042856441197
6.0,1.674,0.015206846508509658
6.0,1.676,0.01502530042977738
6.0,1.678,0.014845775351936501
6.0,1.68,0.014668253949625759
6.0,1.682,0.014492719441081563
6.0,1.684,0.014319155031033893
6.0,1.686,0.014147543786606064
6.0,1.688,0.013977868617110268
6.0,1.69,0.01381011228573825
6.0,1.692,0.01364425743146205
6.0,1.694,0.0134802226805423
6.0,1.696,0.013317837609514466
6.0,1.698,0.013157109300018292
6.0,1.7,0.012998074143108265
6.0,1.702,0.012840744723198523
6.0,1.704,0.012685123817071578
6.0,1.706,0.012531208946311715
6.0,1.708,0.012378994389593506
6.0,1.71,0.012228472242472217
6.0,1.712,0.012079633043166163
6.0,1.714,0.011932466173282027
6.0,1.716,0.01178696650254031
6.0,1.718,0.011643122572803298
6.0,1.72,0.01150091978027682
6.0,1.722,0.011360343682686203
6.0,1.724,0.011221379947998784
6.0,1.726,0.011084014188046732
6.0,1.728,0.010948231922743142
6.0,1.73,0.010814018581085813
6.0,1.732,0.010681359514211175
6.0,1.734,0.010550128996364892
6.0,1.736,0.01042025185384398
6.0,1.738,0.010291747982791975
6.0,1.74,0.010164637928731563
6.0,1.742,0.010038927990931082
6.0,1.744,0.009914618123852961
6.0,1.746,0.009791704724879934
6.0,1.748,0.009670181933050345
6.0,1.75,0.009550042338382615
6.0,1.752,0.009431277412033376
6.0,1.754,0.009313877787422644
6.0,1.756,0.009197835778047482
6.0,1.758,0.009083143831493702
6.0,1.76,0.008969790220224379
6.0,1.762,0.00885776249167094
6.0,1.764,0.008747048455562453
6.0,1.766,0.008637635939878116
6.0,1.768,0.008529512733846866
6.0,1.77,0.00842266657809159
6.0,1.772,0.008317085169959217
6.0,1.774,0.008212625196946363
6.0,1.776,0.008109270607575608
6.0,1.778,0.008007046845857789
6.0,1.78,0.007905964112840577
6.0,1.782,0.007806024667419394
6.0,1.784,0.007707226779571037
6.0,1.786,0.007609566346039961
6.0,1.788,0.007513037704527069
6.0,1.79,0.007417634100537089
6.0,1.792,0.007323347980029569
6.0,1.794,0.007230171185328003
6.0,1.796,0.007138095093054015
6.0,1.798,0.007047114224902885
6.0,1.8,0.006957219509365596
6.0,1.802,0.006868400423475599
6.0,1.804,0.006780646635166846
6.0,1.806,0.00669394789720349
6.0,1.808,0.006608293964374629
6.0,1.81,0.006523674573883816
6.0,1.812,0.006440056494149132
6.0,1.814,0.00635734243797101
6.0,1.816,0.006275532304141684
6.0,1.818,0.006194644306095333
6.0,1.82,0.006114683940768852
6.0,1.822,0.006035651544647354
6.0,1.824,0.005957544718616346
6.0,1.826,0.005880359390105237
6.0,1.828,0.005804090368888112
6.0,1.83,0.005728731673728393
6.0,1.832,0.005654276740806713
6.0,1.834,0.005580718565144308
6.0,1.836,0.005508049801239337
6.0,1.838,0.005436263632652831
6.0,1.84,0.005365354173675358
6.0,1.842,0.005295313111393647
6.0,1.844,0.005226131648145036
6.0,1.846,0.0051578011806922815
6.0,1.848,0.005090313151221545
6.0,1.85,0.005023659010826777
6.0,1.852,0.004957792377150331
6.0,1.854,0.0048926566380143935
6.0,1.856,0.004828256259727458
6.0,1.858,0.004764602557734929
6.0,1.86,0.0047016984246798935
6.0,1.862,0.004639543190565427
6.0,1.864,0.004578134249057891
6.0,1.866,0.004517467790562252
6.0,1.868,0.00445753919382181
6.0,1.87,0.004398343259666135
6.0,1.872,0.004339874361980277
6.0,1.874,0.0042805123905753275
6.0,1.8760000000000001,0.004221892970625492
6.0,1.8780000000000001,0.00416400929359419
6.0,1.8800000000000001,0.004106854402269074
6.0,1.8820000000000001,0.004050421224208747
6.0,1.8840000000000001,0.003994702598541766
6.0,1.8860000000000001,0.003939691297802637
6.0,1.8880000000000001,0.0038853800459770476
6.0,1.8900000000000001,0.0038317615335933955
6.0,1.8920000000000001,0.0037787865929307216
6.0,1.8940000000000001,0.0037264229800372793
6.0,1.8960000000000001,0.0036746765345279896
6.0,1.8980000000000001,0.0036235538511142818
6.0,1.9000000000000001,0.003573055908977788
6.0,1.9020000000000001,0.0035231812051640977
6.0,1.9040000000000001,0.0034739268545039555
6.0,1.9060000000000001,0.00342528910086985
6.0,1.9080000000000001,0.0033772635961678028
6.0,1.9100000000000001,0.0033298455695138043
6.0,1.9120000000000001,0.0032830299378340845
6.0,1.9140000000000001,0.0032368113823728886
6.0,1.9160000000000001,0.003191184403992895
6.0,1.9180000000000001,0.0031461433645701767
6.0,1.92,0.0031016825188722895
6.0,1.922,0.0030577960396869237
6.0,1.924,0.003014478038017593
6.0,1.926,0.0029717225795798867
6.0,1.928,0.0029295236984607734
6.0,1.93,0.002887875408559548
6.0,1.932,0.0028467323817397104
6.0,1.934,0.002806076357135447
6.0,1.936,0.002765913223432841
6.0,1.938,0.002726246941084652
6.0,1.94,0.002687077649908081
6.0,1.942,0.0026484037324761814
6.0,1.944,0.0026102225727717408
6.0,1.946,0.00257253091850682
6.0,1.948,0.0025353250823633615
6.0,1.95,0.0024986010655472244
6.0,1.952,0.002462354639307484
6.0,1.954,0.0024265814017248133
6.0,1.956,0.0023912768189846842
6.0,1.958,0.002356436256407277
6.0,1.96,0.0023220550024268967
6.0,1.962,0.0022881282875470677
6.0,1.964,0.002254651299608354
6.0,1.966,0.0022216191962810042
6.0,1.968,0.0021890271154226936
6.0,1.97,0.0021568701837621535
6.0,1.972,0.0021251101410361285
6.0,1.974,0.002093735798998441
6.0,1.976,0.0020627521798672367
6.0,1.978,0.00203216171963811
6.0,1.98,0.00200196414675428
6.0,1.982,0.0019721579105138887
6.0,1.984,0.0019427407242016213
6.0,1.986,0.0019137098293120648
6.0,1.988,0.0018850621440193143
6.0,1.99,0.0018567943550613
6.0,1.992,0.001828902978715844
6.0,1.994,0.0018013844034635643
6.0,1.996,0.0017742349210988528
6.0,1.998,0.0017474507501805767
6.0,2.0,0.001721028054191062
6.0,2.0020000000000002,0.0016949629559125773
6.0,2.004,0.0016692515490206062
6.0,2.0060000000000002,0.00164388990757757
6.0,2.008,0.0016188740939081015
6.0,2.0100000000000002,0.001594200165202864
6.0,2.012,0.0015698381188997885
6.0,2.0140000000000002,0.0015457796708702118
6.0,2.016,0.001522028584694088
6.0,2.0180000000000002,0.001498586477758185
6.0,2.02,0.0014754529322356037
6.0,2.0220000000000002,0.0014526265640713303
6.0,2.024,0.001430105432580999
6.0,2.0260000000000002,0.0014078872405455614
6.0,2.028,0.0013859694469422958
6.0,2.0300000000000002,0.0013643493368376137
6.0,2.032,0.0013430240678294967
6.0,2.0340000000000003,0.0013219907025725
6.0,2.036,0.0013012462325119765
6.0,2.0380000000000003,0.0012807875957825566
6.0,2.04,0.001260611691071489
6.0,2.0420000000000003,0.0012407153885952687
6.0,2.044,0.0012210955389505844
6.0,2.0460000000000003,0.001201748980360605
6.0,2.048,0.0011826725446834805
6.0,2.05,0.0011638630624477991
6.0,2.052,0.00114529868639242
6.0,2.054,0.0011269717495888492
6.0,2.056,0.0011088846861070064
6.0,2.058,0.0010910387199318404
6.0,2.06,0.0010734334392880488
6.0,2.062,0.0010560676715260105
6.0,2.064,0.0010389398106455314
6.0,2.066,0.001022047975333149
6.0,2.068,0.0010053900973278716
6.0,2.07,0.000988963975928831
6.0,2.072,0.0009727673140812604
6.0,2.074,0.0009567977435775266
6.0,2.076,0.0009410528434055169
6.0,2.078,0.0009255301535595338
6.0,2.08,0.0009102271857200597
6.0,2.082,0.0008951414316971499
6.0,2.084,0.0008802703702291798
6.0,2.086,0.0008656114725413571
6.0,2.088,0.0008511622069483531
6.0,2.09,0.0008369200427060007
6.0,2.092,0.0008228704372562034
6.0,2.094,0.0008090052882961574
6.0,2.096,0.0007953258116949522
6.0,2.098,0.0007818330745695053
6.0,2.1,0.0007685267480936254
6.0,2.102,0.0007554058800223443
6.0,2.104,0.000742469170917125
6.0,2.106,0.000729715104021201
6.0,2.108,0.0007171420166920936
6.0,2.11,0.0007047481439651947
6.0,2.112,0.0006925316471545868
6.0,2.114,0.0006804906336993288
6.0,2.116,0.0006686231715398794
6.0,2.118,0.0006569272998942731
6.0,2.12,0.0006454010375619307
6.0,2.122,0.0006340423894686288
6.0,2.124,0.000622849351922273
6.0,2.126,0.0006118199168991738
6.0,2.128,0.0006009520755848443
6.0,2.13,0.000590243821330304
6.0,2.132,0.0005796867008268856
6.0,2.134,0.0005692718842934639
6.0,2.136,0.0005589995702175365
6.0,2.138,0.0005488707838049241
6.0,2.14,0.0005388853079144038
6.0,2.142,0.0005290423980361451
6.0,2.144,0.0005193410244942036
6.0,2.146,0.0005097799826052897
6.0,2.148,0.000500357951934544
6.0,2.15,0.0004910735318625326
6.0,2.152,0.0004819252646586656
6.0,2.154,0.0004729116513436053
6.0,2.156,0.00046403116309427843
6.0,2.158,0.0004552822497403456
6.0,2.16,0.0004466633462775033
6.0,2.162,0.0004381728779783347
6.0,2.164,0.00042980926448035105
6.0,2.166,0.0004215709231081464
6.0,2.168,0.0004134562716087925
6.0,2.17,0.0004054637304286314
6.0,2.172,0.00039758961345452075
6.0,2.174,0.00038982449617830107
6.0,2.176,0.00038216779086957837
6.0,2.178,0.0003746205218922981
6.0,2.18,0.0003671825837560595
6.0,2.182,0.0003598534152946921
6.0,2.184,0.00035263221672511547
6.0,2.186,0.0003455180450368261
6.0,2.188,0.00033850986406497687
6.0,2.19,0.00033160657400281167
6.0,2.192,0.0003248070302789886
6.0,2.194,0.00031811005639011065
6.0,2.196,0.0003115144530429524
6.0,2.198,0.0003050190049133313
6.0,2.2,0.0002986224857938761
6.0,2.202,0.0002923236626107936
6.0,2.204,0.00028612129862097053
6.0,2.206,0.00028001415599863744
6.0,2.208,0.0002740009979565676
6.0,2.21,0.0002680805905049731
6.0,2.212,0.0002622517039232464
6.0,2.214,0.00025650674192526513
6.0,2.216,0.0002508437531237054
6.0,2.218,0.0002452633936770667
6.0,2.22,0.00023976573073977763
6.0,2.222,0.0002343503803597268
6.0,2.224,0.0002290167430985032
6.0,2.226,0.00022376409613761837
6.0,2.228,0.00021859163876465821
6.0,2.23,0.00021349851817452513
6.0,2.232,0.00020848384553876748
6.0,2.234,0.00020354670671542607
6.0,2.236,0.00019868616976306762
6.0,2.238,0.00019390129042832016
6.0,2.24,0.00018919111628357967
6.0,2.242,0.00018455468992855187
6.0,2.244,0.00017999105152018935
6.0,2.246,0.00017549924080674973
6.0,2.248,0.0001710782987865243
6.0,2.25,0.00016672726907628066
6.0,2.2520000000000002,0.0001624451990509023
6.0,2.254,0.00015822881735373865
6.0,2.2560000000000002,0.00015407422110554043
6.0,2.258,0.0001499812908571037
6.0,2.2600000000000002,0.000145950321959158
6.0,2.262,0.00014198110147845214
6.0,2.2640000000000002,0.00013807320391292114
6.0,2.266,0.0001342260904317808
6.0,2.2680000000000002,0.00013043915374553252
6.0,2.27,0.00012671174214416137
6.0,2.2720000000000002,0.00012304317388125071
6.0,2.274,0.00011943274648146673
6.0,2.2760000000000002,0.000115879743124138
6.0,2.278,0.0001123834372222472
6.0,2.2800000000000002,0.00010894309582520457
6.0,2.282,0.00010555798222024601
6.0,2.2840000000000003,0.00010222735796739123
6.0,2.286,9.895048452138569e-05
6.0,2.2880000000000003,9.572662454436708e-05
6.0,2.29,9.255504298153323e-05
6.0,2.2920000000000003,8.943500795150091e-05
6.0,2.294,8.636579148918556e-05
6.0,2.2960000000000003,8.334316046147723e-05
6.0,2.298,8.036619184865667e-05
6.0,2.3000000000000003,7.743519086089112e-05
6.0,2.302,7.455009614386388e-05
6.0,2.3040000000000003,7.17106243353702e-05
6.0,2.306,6.891638449348436e-05
6.0,2.308,6.616692403031712e-05
6.0,2.31,6.346175170225298e-05
6.0,2.312,6.080035075491445e-05
6.0,2.314,5.818218715192856e-05
6.0,2.316,5.5606715077586434e-05
6.0,2.318,5.307338080563667e-05
6.0,2.32,5.05816255278886e-05
6.0,2.322,4.813088748769627e-05
6.0,2.324,4.5720603630014404e-05
6.0,2.326,4.3350210903799094e-05
6.0,2.328,4.101914730715128e-05
6.0,2.33,3.8726852737345446e-05
6.0,2.332,3.6472769689664745e-05
6.0,2.334,3.425634383685479e-05
6.0,2.336,3.207622929974121e-05
6.0,2.338,2.9929944060021483e-05
6.0,2.34,2.7817272523027177e-05
6.0,2.342,2.5738358692063187e-05
6.0,2.344,2.3693055936764127e-05
6.0,2.346,2.168109985464588e-05
6.0,2.348,1.9702164701151902e-05
6.0,2.35,1.7755888434578793e-05
6.0,2.352,1.5841885957320842e-05
6.0,2.354,1.3959756960587905e-05
6.0,2.356,1.2109090960320077e-05
6.0,2.358,1.0289470728272069e-05
6.0,2.36,8.500474738945644e-06
6.0,2.362,6.741678978391063e-06
6.0,2.364,5.012658320097445e-06
6.0,2.366,3.3129875959658466e-06
6.0,2.368,1.6422424456009464e-06
6.0,2.37,0.0
6.0,2.372,0.0
6.0,2.374,0.0
6.0,2.376,0.0
6.0,2.378,0.0
6.0,2.38,0.0
6.0,2.382,0.0
6.0,2.384,0.0
6.0,2.386,0.0
6.0,2.388,0.0
6.0,2.39,0.0
6.0,2.392,0.0
6.0,2.394,0.0
6.0,2.396,0.0
6.0,2.398,0.0
6.0,2.4,0.0
6.0,2.402,0.0
6.0,2.404,0.0
6.0,2.406,0.0
6.0,2.408,0.0
6.0,2.41,0.0
6.0,2.412,0.0
6.0,2.414,0.0
6.0,2.416,0.0
6.0,2.418,0.0
6.0,2.42,0.0
6.0,2.422,0.0
6.0,2.424,0.0
6.0,2.426,0.0
6.0,2.428,0.0
6.0,2.43,0.0
6.0,2.432,0.0
6.0,2.434,0.0
6.0,2.436,0.0
6.0,2.438,0.0
6.0,2.44,0.0
6.0,2.442,0.0
6.0,2.444,0.0
6.0,2.446,0.0
6.0,2.448,0.0
6.0,2.45,0.0
6.0,2.452,0.0
6.0,2.454,0.0
6.0,2.456,0.0
6.0,2.458,0.0
6.0,2.46,0.0
6.0,2.462,0.0
6.0,2.464,0.0
6.0,2.466,0.0
6.0,2.468,0.0
6.0,2.47,0.0
6.0,2.472,0.0
6.0,2.474,0.0
6.0,2.476,0.0
6.0,2.478,0.0
6.0,2.48,0.0
6.0,2.482,0.0
6.0,2.484,0.0
6.0,2.486,0.0
6.0,2.488,0.0
6.0,2.49,0.0
6.0,2.492,0.0
6.0,2.494,0.0
6.0,2.496,0.0
6.0,2.498,0.0
6.0,2.5,0.0
